"Fold","Model","AUC","Brier","Slope","Imputation","Threshold"
1,"glmnet",0.57666015625,0.246247847898927,0.932931530823483,1,0
1,"rf",0.578125,0.283481794054228,-0.56885400532954,1,0
1,"xgb",0.5517578125,0.297855119445581,-0.262899074887526,1,0
2,"glmnet",0.5,0.250003844675125,NA,1,0
2,"rf",0.58203125,0.28583544075931,-0.622451303312821,1,0
2,"xgb",0.51171875,0.276579815037833,-0.0565544218408033,1,0
3,"glmnet",0.51171875,0.250470429666773,0.339409896007473,1,0
3,"rf",0.5087890625,0.264924710134815,0.00729857257503946,1,0
3,"xgb",0.4794921875,0.266554793989914,0.16149866981229,1,0
4,"glmnet",0.5068359375,0.266324498793813,0.132603029709869,1,0
4,"rf",0.517578125,0.25883534466401,0.188252201514756,1,0
4,"xgb",0.5341796875,0.258363687355431,0.241756256516367,1,0
5,"glmnet",0.603326612903226,0.247617983527858,8.57220183164704,1,0
5,"rf",0.638104838709677,0.233960822334578,0.830660596748641,1,0
5,"xgb",0.609879032258065,0.244874558330788,0.561940062656366,1,0
1,"glmnet",0.530232558139535,0.224726184316667,-0.0806307470051843,1,-5
1,"rf",0.576744186046512,0.219442256934565,0.380625506774689,1,-5
1,"xgb",0.576744186046512,0.219158227915474,0.38055657507857,1,-5
2,"glmnet",0.597674418604651,0.212705774904625,0.741847744378524,1,-5
2,"rf",0.582558139534884,0.253525944467774,-0.513937613451622,1,-5
2,"xgb",0.537209302325581,0.243919653078201,-0.168204103521012,1,-5
3,"glmnet",0.548160173160173,0.224568583828114,-1.49053166658261,1,-5
3,"rf",0.518398268398268,0.233467679506172,-0.116975666037569,1,-5
3,"xgb",0.517316017316017,0.240947769666617,-0.0635203868676357,1,-5
4,"glmnet",0.544318181818182,0.213649036602535,0.672029095049462,1,-5
4,"rf",0.609090909090909,0.208422687125776,0.799984879664418,1,-5
4,"xgb",0.545454545454545,0.216190115336899,0.383170054045442,1,-5
5,"glmnet",0.531818181818182,0.217113931046642,0.362692843580898,1,-5
5,"rf",0.427272727272727,0.212089026615088,0.638789874358927,1,-5
5,"xgb",0.555681818181818,0.219246853064015,0.402322851654921,1,-5
1,"glmnet",0.554320987654321,0.222448154017698,-0.413852133795573,1,-7
1,"rf",0.54320987654321,0.220418706603218,-0.261394812824827,1,-7
1,"xgb",0.546913580246914,0.226548371119908,-0.406489837650044,1,-7
2,"glmnet",0.5,0.204092843191964,NA,1,-7
2,"rf",0.506172839506173,0.216872393522887,-0.0890696710727817,1,-7
2,"xgb",0.512345679012346,0.211103164980721,0.0662442622791589,1,-7
3,"glmnet",0.525171624713959,0.206027439511045,1.41203814383113,1,-7
3,"rf",0.574370709382151,0.207354470920624,0.47627327048819,1,-7
3,"xgb",0.551487414187643,0.215950370603071,0.181143264685608,1,-7
4,"glmnet",0.548765432098765,0.202858522698624,0.634249815793844,1,-7
4,"rf",0.549382716049383,0.220729568890611,-0.137056750590034,1,-7
4,"xgb",0.567901234567901,0.206494233916967,0.363262685282007,1,-7
5,"glmnet",0.522883295194508,0.206457566723407,0.980587710769428,1,-7
5,"rf",0.560640732265446,0.230121042036368,-0.194568000413001,1,-7
5,"xgb",0.541189931350114,0.217911210129171,0.122418260456083,1,-7
1,"glmnet",0.59963768115942,0.19980258964509,1.00518495053464,1,-10
1,"rf",0.672705314009662,0.183801512596138,1.32811756051517,1,-10
1,"xgb",0.63768115942029,0.189337154022792,0.98153678975676,1,-10
2,"glmnet",0.636828644501279,0.189066289545974,2.13158173795069,1,-10
2,"rf",0.566496163682864,0.21623001770503,-0.479351539166276,1,-10
2,"xgb",0.473145780051151,0.204210248116415,0.177131595297174,1,-10
3,"glmnet",0.521276595744681,0.200099421534959,-0.581128380974946,1,-10
3,"rf",0.589486858573216,0.231509263258225,-0.51193448547204,1,-10
3,"xgb",0.600750938673342,0.241803966582417,-0.492734847811932,1,-10
4,"glmnet",0.479539641943734,0.200864850686562,0.155635521821281,1,-10
4,"rf",0.506393861892583,0.210855229769256,0.00443555383508216,1,-10
4,"xgb",0.508951406649616,0.212092087066162,0.0320172022595662,1,-10
5,"glmnet",0.568557919621749,0.23269657693783,-0.345504977724954,1,-10
5,"rf",0.667848699763593,0.237006460926879,-0.682412125615597,1,-10
5,"xgb",0.592198581560284,0.242061751307806,-0.462167635498741,1,-10
1,"glmnet",0.653333333333333,0.22476761246237,0.679412508769095,2,0
1,"rf",0.616410256410256,0.237934268060531,0.492952862465118,2,0
1,"xgb",0.630769230769231,0.237327033845692,0.461441459085843,2,0
2,"glmnet",0.778947368421053,0.193087888131024,2.12982640923768,2,0
2,"rf",0.614736842105263,0.232151891058002,0.623846969921069,2,0
2,"xgb",0.66,0.222470267146696,0.759784701305337,2,0
3,"glmnet",0.68491124260355,0.22389193261478,1.98824081711299,2,0
3,"rf",0.684418145956608,0.216972620501459,1.1583480856744,2,0
3,"xgb",0.727810650887574,0.210614899963443,1.19079630664591,2,0
4,"glmnet",0.659487179487179,0.228648096411709,0.571759026737896,2,0
4,"rf",0.619487179487179,0.230301303317329,0.601992347772682,2,0
4,"xgb",0.597948717948718,0.240256210929407,0.447117582621111,2,0
5,"glmnet",0.623157894736842,0.247174616142908,0.361330117106202,2,0
5,"rf",0.545263157894737,0.256552126443142,0.200926038118154,2,0
5,"xgb",0.571578947368421,0.258022626565551,0.257693487569942,2,0
1,"glmnet",0.672789115646259,0.172548866118372,2.24390944375651,2,-5
1,"rf",0.707482993197279,0.163949855859729,1.28264840516845,2,-5
1,"xgb",0.703401360544218,0.161060558309485,0.942944027926892,2,-5
2,"glmnet",0.722448979591837,0.159022492727837,1.00255344577126,2,-5
2,"rf",0.76734693877551,0.154124266882881,1.74941145004935,2,-5
2,"xgb",0.745578231292517,0.157780742006287,1.11304299883463,2,-5
3,"glmnet",0.644314868804665,0.177378539131431,0.522910149162631,2,-5
3,"rf",0.661807580174927,0.1654838360624,0.615863445872522,2,-5
3,"xgb",0.650145772594752,0.170084719031649,0.492927784143231,2,-5
4,"glmnet",0.502040816326531,0.192415974018521,0.133337967685751,2,-5
4,"rf",0.508843537414966,0.1979735375725,0.037900469982296,2,-5
4,"xgb",0.536054421768707,0.198157060569748,0.21731263690993,2,-5
5,"glmnet",0.722448979591837,0.162411143186148,1.30935218127559,2,-5
5,"rf",0.706122448979592,0.163669992795101,0.961735727212544,2,-5
5,"xgb",0.646258503401361,0.166229404602426,0.903815667606706,2,-5
1,"glmnet",0.556089743589744,0.157993234722786,0.259470401523226,2,-7
1,"rf",0.66025641025641,0.150127761044617,0.713653574807969,2,-7
1,"xgb",0.708333333333333,0.1435886304807,0.932532165250093,2,-7
2,"glmnet",0.559294871794872,0.166285312565243,0.188968753033477,2,-7
2,"rf",0.588141025641026,0.160795797052718,0.302464973804055,2,-7
2,"xgb",0.625,0.167000878349541,0.328835572825513,2,-7
3,"glmnet",0.766025641025641,0.141318130799162,1.25438277254369,2,-7
3,"rf",0.737179487179487,0.147242881969463,0.953775209587205,2,-7
3,"xgb",0.775641025641026,0.141220207722386,1.29027370466806,2,-7
4,"glmnet",0.634615384615385,0.13116494673952,0.734773487497911,2,-7
4,"rf",0.480769230769231,0.15999758257732,0.170025734145255,2,-7
4,"xgb",0.526223776223776,0.159478047930521,0.21681312330551,2,-7
5,"glmnet",0.517628205128205,0.179272561048899,-0.0650076761787832,2,-7
5,"rf",0.49198717948718,0.175509409933079,0.0322286222340709,2,-7
5,"xgb",0.516025641025641,0.185922151224522,-0.0265410733230373,2,-7
1,"glmnet",0.546296296296296,0.136749981152873,0.154490257999836,2,-10
1,"rf",0.57037037037037,0.135800753842052,0.239108144632473,2,-10
1,"xgb",0.577777777777778,0.133460512945718,0.362440932394455,2,-10
2,"glmnet",0.643396226415094,0.126888425015104,0.818415937140709,2,-10
2,"rf",0.454716981132075,0.149984970064523,-0.128357641624655,2,-10
2,"xgb",0.554716981132075,0.134253164470054,0.308597292681762,2,-10
3,"glmnet",0.798148148148148,0.119125676253745,2.45314252745911,2,-10
3,"rf",0.772222222222222,0.115634432865302,1.92650415375657,2,-10
3,"xgb",0.82037037037037,0.11443582225516,2.30863356751278,2,-10
4,"glmnet",0.662962962962963,0.126163715992439,0.725031326197238,2,-10
4,"rf",0.753703703703704,0.119704427004598,1.70743944951648,2,-10
4,"xgb",0.762962962962963,0.118973434366822,1.2647128319582,2,-10
5,"glmnet",0.672222222222222,0.141269665241004,0.534418300549313,2,-10
5,"rf",0.7,0.125556174860163,0.770125388797275,2,-10
5,"xgb",0.694444444444444,0.126428429662877,0.841026231891006,2,-10
1,"glmnet",0.649801587301587,0.233400570475755,0.735494305011926,3,0
1,"rf",0.572420634920635,0.262099602043857,0.0799049798543726,3,0
1,"xgb",0.572420634920635,0.270485311149239,0.0765116498462442,3,0
2,"glmnet",0.563492063492063,0.260741586731032,0.241908724242595,3,0
2,"rf",0.575396825396825,0.245209225174478,0.544277338488616,3,0
2,"xgb",0.621031746031746,0.238970736524245,0.550773945297325,3,0
3,"glmnet",0.716269841269841,0.211085343576769,1.210142440831,3,0
3,"rf",0.575396825396825,0.253949435472648,0.305317325615372,3,0
3,"xgb",0.548611111111111,0.267411001998954,0.167508391251992,3,0
4,"glmnet",0.6440329218107,0.230417547257124,0.780587401978785,3,0
4,"rf",0.619341563786008,0.236628905937461,0.671015620199463,3,0
4,"xgb",0.645061728395062,0.23168491175682,0.659502987990727,3,0
5,"glmnet",0.683531746031746,0.224185805765223,0.876017887335662,3,0
5,"rf",0.64484126984127,0.226245837470552,1.02057310144372,3,0
5,"xgb",0.655753968253968,0.22326896890819,0.937179474105577,3,0
1,"glmnet",0.6375,0.219097460284843,0.857662523673577,3,-5
1,"rf",0.448958333333333,0.229311246407054,0.62282397579064,3,-5
1,"xgb",0.616666666666667,0.220612583800966,0.678795531938817,3,-5
2,"glmnet",0.59375,0.231763577541164,0.357568417997384,3,-5
2,"rf",0.533333333333333,0.239051900425166,0.339106475836761,3,-5
2,"xgb",0.5375,0.243597641908587,0.269154317810662,3,-5
3,"glmnet",0.633333333333333,0.22450630995187,0.813876355912324,3,-5
3,"rf",0.53125,0.241954785280152,0.294872935090225,3,-5
3,"xgb",0.527083333333333,0.274665435371566,-0.0206215439574186,3,-5
4,"glmnet",0.678418803418803,0.230014084664975,9.03224229339098,3,-5
4,"rf",0.603632478632479,0.229683639745636,0.66964377692094,3,-5
4,"xgb",0.566239316239316,0.243262512217217,0.358953920447952,3,-5
5,"glmnet",0.471875,0.254078244999192,0.140279478025117,3,-5
5,"rf",0.521875,0.259159123598273,-0.183392838989607,3,-5
5,"xgb",0.494791666666667,0.26485999754742,0.00407708223205277,3,-5
1,"glmnet",0.653377630121816,0.205890473455346,1.05335471699073,3,-7
1,"rf",0.634551495016611,0.212441723503067,0.798720935753568,3,-7
1,"xgb",0.636766334440753,0.212357561729555,0.752202973872453,3,-7
2,"glmnet",0.558139534883721,0.231215627149369,0.275602923103025,3,-7
2,"rf",0.54485049833887,0.226257500890483,0.305413288455342,3,-7
2,"xgb",0.503875968992248,0.236672228513745,0.0815132354826773,3,-7
3,"glmnet",0.646733111849391,0.20888764607992,0.860941285213988,3,-7
3,"rf",0.533776301218162,0.229549644904311,0.241424410534271,3,-7
3,"xgb",0.542635658914729,0.235184383641427,0.153310170314803,3,-7
4,"glmnet",0.547619047619048,0.229863791473841,0.266343509915417,3,-7
4,"rf",0.507936507936508,0.237165305071385,0.0907605835993165,3,-7
4,"xgb",0.501133786848073,0.241219598818228,0.0673835655732965,3,-7
5,"glmnet",0.541528239202658,0.220563480172636,0.493831530649918,3,-7
5,"rf",0.447397563676633,0.222595298146724,0.447572485503495,3,-7
5,"xgb",0.610188261351052,0.217626756959297,0.567697952974082,3,-7
1,"glmnet",0.536363636363636,0.253232132473181,-0.0209899177975222,3,-10
1,"rf",0.481818181818182,0.224214240147906,0.13506762471445,3,-10
1,"xgb",0.479545454545455,0.229863905005306,0.160217644963353,3,-10
2,"glmnet",0.634090909090909,0.206008152923211,2.44348675110815,3,-10
2,"rf",0.6625,0.197063610105623,1.07431716641836,3,-10
2,"xgb",0.671590909090909,0.192708756248593,1.07360708702403,3,-10
3,"glmnet",0.6625,0.205323037308845,2.18239171509973,3,-10
3,"rf",0.644318181818182,0.203271286896133,0.674870498081698,3,-10
3,"xgb",0.648863636363636,0.206625474772481,0.573121158459593,3,-10
4,"glmnet",0.614832535885167,0.218092837331405,0.420850942234227,3,-10
4,"rf",0.45933014354067,0.22779060822371,0.246685667671062,3,-10
4,"xgb",0.537081339712919,0.245236881690794,0.123816614538698,3,-10
5,"glmnet",0.6125,0.207640009361469,0.812964175089948,3,-10
5,"rf",0.611363636363636,0.213770373311704,0.592722127276074,3,-10
5,"xgb",0.627272727272727,0.206008029165429,0.658878170511568,3,-10
1,"glmnet",0.688688688688689,0.211634427791024,0.873453162721889,4,0
1,"rf",0.621621621621622,0.235179489642677,0.569501091354638,4,0
1,"xgb",0.710710710710711,0.217928189843813,0.678015635678979,4,0
2,"glmnet",0.630630630630631,0.227838778675383,0.959015249312328,4,0
2,"rf",0.578578578578579,0.256603901345281,0.311088003332952,4,0
2,"xgb",0.616616616616617,0.255960857754614,0.339014960294316,4,0
3,"glmnet",0.707707707707708,0.210942722982965,0.749007181056951,4,0
3,"rf",0.747747747747748,0.203209709871267,1.11083481891703,4,0
3,"xgb",0.744744744744745,0.202033255276126,0.933036631984794,4,0
4,"glmnet",0.642489711934156,0.217905063523117,0.958015306938786,4,0
4,"rf",0.657407407407407,0.222958100819954,0.727784662972869,4,0
4,"xgb",0.701646090534979,0.210323003296668,0.830104996638605,4,0
5,"glmnet",0.844344344344344,0.171772399850768,3.1780857826771,4,0
5,"rf",0.826826826826827,0.179514592161758,1.96380525684927,4,0
5,"xgb",0.85985985985986,0.159700253922158,1.98161008027472,4,0
1,"glmnet",0.783975659229209,0.184226221899356,1.37087576222221,4,-5
1,"rf",0.760649087221095,0.202276895107703,1.17366481963702,4,-5
1,"xgb",0.730223123732252,0.205975114006012,0.933044116861385,4,-5
2,"glmnet",0.670892494929006,0.240899812660642,7.5242911179777,4,-5
2,"rf",0.678498985801217,0.229387754258536,0.661644543556676,4,-5
2,"xgb",0.695740365111562,0.224346925003929,0.661346676446654,4,-5
3,"glmnet",0.746666666666667,0.198559227548863,0.886390994678771,4,-5
3,"rf",0.735238095238095,0.202631363453001,0.988250249059971,4,-5
3,"xgb",0.711428571428571,0.213022853109989,0.725998227073754,4,-5
4,"glmnet",0.659113300492611,0.235919842399011,0.598369085828019,4,-5
4,"rf",0.568472906403941,0.264976690469376,0.240160855769908,4,-5
4,"xgb",0.573399014778325,0.264361776925338,0.286435330300783,4,-5
5,"glmnet",0.850490196078431,0.162310213792494,1.95837873311039,4,-5
5,"rf",0.853921568627451,0.167332411709747,1.68224002533449,4,-5
5,"xgb",0.862745098039216,0.153450255093605,1.6088304153545,4,-5
1,"glmnet",0.748511904761905,0.198057278023494,1.45563952889864,4,-7
1,"rf",0.694444444444444,0.218835353104723,0.749418005322944,4,-7
1,"xgb",0.674603174603175,0.234331538982642,0.554138397271804,4,-7
2,"glmnet",0.726851851851852,0.203304062725429,1.81212865726184,4,-7
2,"rf",0.731481481481481,0.206452871539124,0.79591542654021,4,-7
2,"xgb",0.75,0.197788276091461,0.830969340133872,4,-7
3,"glmnet",0.700396825396825,0.215346007710976,0.7482465069271,4,-7
3,"rf",0.692460317460317,0.222913905767071,0.707008452750609,4,-7
3,"xgb",0.716269841269841,0.216955768562642,0.706084577316907,4,-7
4,"glmnet",0.759920634920635,0.194415936113424,0.96968387370888,4,-7
4,"rf",0.760912698412698,0.206361760651292,1.10299081490083,4,-7
4,"xgb",0.748015873015873,0.208296946497197,0.855578893044668,4,-7
5,"glmnet",0.765873015873016,0.183881770376069,0.986629115189979,4,-7
5,"rf",0.764880952380952,0.193151898504816,1.11537738746476,4,-7
5,"xgb",0.759920634920635,0.196647212640614,0.879593532670501,4,-7
1,"glmnet",0.726726726726727,0.229029789134827,6.54618410941807,4,-10
1,"rf",0.752752752752753,0.198711708085785,1.02273238494207,4,-10
1,"xgb",0.74974974974975,0.202920236610294,0.780062256892332,4,-10
2,"glmnet",0.764033264033264,0.177999799019471,1.21328714893518,4,-10
2,"rf",0.772349272349272,0.185863081187382,1.06521137334751,4,-10
2,"xgb",0.802494802494803,0.178565283752774,0.967781313991966,4,-10
3,"glmnet",0.79093567251462,0.167138365672491,1.73992328799713,4,-10
3,"rf",0.757309941520468,0.19357339927121,1.02318720771699,4,-10
3,"xgb",0.758284600389864,0.188346208434658,0.924049922976158,4,-10
4,"glmnet",0.691691691691692,0.216543069959035,0.754178224764639,4,-10
4,"rf",0.714714714714715,0.214755309377444,0.729459651675922,4,-10
4,"xgb",0.702702702702703,0.215896962848092,0.694710847701177,4,-10
5,"glmnet",0.776507276507276,0.176317532546011,1.44054506551609,4,-10
5,"rf",0.777546777546778,0.181954171411146,1.07867751937877,4,-10
5,"xgb",0.786902286902287,0.189700979055619,0.836516751597047,4,-10
1,"glmnet",0.52834008097166,0.26431446556577,0.154674140385297,5,0
1,"rf",0.545546558704453,0.255862157422825,0.206828247485184,5,0
1,"xgb",0.559716599190283,0.261012858768643,0.220230610800023,5,0
2,"glmnet",0.706477732793522,0.214765059817543,1.17547040891081,5,0
2,"rf",0.683198380566802,0.221701122416515,1.20337084838727,5,0
2,"xgb",0.651821862348178,0.221461098449173,0.8386583695483,5,0
3,"glmnet",0.58004158004158,0.239929376237784,2.99953547429074,5,0
3,"rf",0.627858627858628,0.232221599778715,0.783308902327664,5,0
3,"xgb",0.618503118503119,0.237473366521507,0.570167226783019,5,0
4,"glmnet",0.602910602910603,0.232839243521338,0.710577347835284,5,0
4,"rf",0.614345114345114,0.232886157313471,0.75699989112203,5,0
4,"xgb",0.603950103950104,0.240298009959207,0.543698205240359,5,0
5,"glmnet",0.720272904483431,0.215325972880277,1.08728909405331,5,0
5,"rf",0.6364522417154,0.232004769962696,0.85777941034545,5,0
5,"xgb",0.638401559454191,0.235873486530821,0.615255641671422,5,0
1,"glmnet",0.595238095238095,0.177167217268652,1.53763242951197,5,-5
1,"rf",0.53469387755102,0.184456413946044,0.146283670019276,5,-5
1,"xgb",0.552380952380952,0.183723347966156,0.365489879383658,5,-5
2,"glmnet",0.489795918367347,0.192122964092758,0.302714798599159,5,-5
2,"rf",0.459183673469388,0.191506301247494,0.316702498957102,5,-5
2,"xgb",0.510204081632653,0.19963260853562,0.0212400001506288,5,-5
3,"glmnet",0.636111111111111,0.175187055104034,0.916733803323912,5,-5
3,"rf",0.536111111111111,0.190424252564714,0.257583167657272,5,-5
3,"xgb",0.543055555555556,0.196151882157218,0.166841488732847,5,-5
4,"glmnet",0.641666666666667,0.182599525450813,0.576390421750257,5,-5
4,"rf",0.541666666666667,0.187969047926089,0.291536820018321,5,-5
4,"xgb",0.543055555555556,0.193840348491249,0.274861362077173,5,-5
5,"glmnet",0.69921875,0.168860397808798,1.59217134390306,5,-5
5,"rf",0.619791666666667,0.178497514820103,0.84516150490555,5,-5
5,"xgb",0.649739583333333,0.174208999938878,0.784323922936518,5,-5
1,"glmnet",0.622307692307692,0.160507154906971,3.55132655217237,5,-7
1,"rf",0.649230769230769,0.192653575246384,-0.993737664723748,5,-7
1,"xgb",0.541538461538462,0.180459501144002,-0.240625041466965,5,-7
2,"glmnet",0.622171945701357,0.1593111582244,2.48088189726317,5,-7
2,"rf",0.52790346907994,0.171948126577109,0.197951323926566,5,-7
2,"xgb",0.514328808446455,0.183310147596527,-0.0889677928224056,5,-7
3,"glmnet",0.568571428571429,0.169685513356604,1.48438967156156,5,-7
3,"rf",0.445714285714286,0.176703223221971,0.376729893079063,5,-7
3,"xgb",0.525714285714286,0.177136833785,0.315390377928641,5,-7
4,"glmnet",0.472857142857143,0.177244307344447,0.211655765818855,5,-7
4,"rf",0.611428571428571,0.201383383981334,-0.563901887980125,5,-7
4,"xgb",0.562857142857143,0.201017967460166,-0.377915135748679,5,-7
5,"glmnet",0.597142857142857,0.160721833000753,0.724354919881607,5,-7
5,"rf",0.575714285714286,0.168529081880206,0.499289210753189,5,-7
5,"xgb",0.477142857142857,0.174799946688236,0.101169194283604,5,-7
1,"glmnet",0.572485207100592,0.158377519211629,0.56125526357921,5,-10
1,"rf",0.636094674556213,0.154763938185023,0.388904448654152,5,-10
1,"xgb",0.581360946745562,0.159137326134437,0.401868355256293,5,-10
2,"glmnet",0.662721893491124,0.157411525992211,5.87393785695925,5,-10
2,"rf",0.559171597633136,0.183592970702211,-0.121322513740098,5,-10
2,"xgb",0.467455621301775,0.180087221091782,0.0723719748788757,5,-10
3,"glmnet",0.763071895424837,0.152664737938323,31.5005351255304,5,-10
3,"rf",0.570261437908497,0.152097587586395,0.498502964701943,5,-10
3,"xgb",0.663398692810457,0.14483750604045,1.00807729422575,5,-10
4,"glmnet",0.542483660130719,0.15805403435123,-0.463315990930334,5,-10
4,"rf",0.643790849673203,0.186779991034141,-0.55897958799655,5,-10
4,"xgb",0.697712418300654,0.198936053242125,-0.71965550348126,5,-10
5,"glmnet",0.566993464052288,0.153376184417317,0.875728815992947,5,-10
5,"rf",0.444444444444444,0.175481575457495,-0.341211779454849,5,-10
5,"xgb",0.522875816993464,0.164656128875971,0.102233558143108,5,-10
1,"glmnet",0.603896103896104,0.218400907949064,0.555082246232599,6,0
1,"rf",0.573593073593074,0.231743419119453,0.299782054871027,6,0
1,"xgb",0.574675324675325,0.233145042049965,0.238832570694724,6,0
2,"glmnet",0.678571428571429,0.207346408130841,1.53850662596545,6,0
2,"rf",0.624458874458874,0.216099553087445,0.734665689859508,6,0
2,"xgb",0.659090909090909,0.208931818899687,0.820180321950973,6,0
3,"glmnet",0.682900432900433,0.210395380207133,0.671349133469443,6,0
3,"rf",0.672077922077922,0.214700799306596,0.689255598919109,6,0
3,"xgb",0.636363636363636,0.230459795091859,0.387288903709588,6,0
4,"glmnet",0.747508305647841,0.188711090452283,1.36050045227602,6,0
4,"rf",0.745293466223699,0.18670230952341,1.51116544191495,6,0
4,"xgb",0.719822812846069,0.186615827352363,1.156527240729,6,0
5,"glmnet",0.551020408163265,0.240306550028784,0.258546855730331,6,0
5,"rf",0.64625850340136,0.213002448815781,0.732512961010748,6,0
5,"xgb",0.605442176870748,0.224139849750187,0.490063559491005,6,0
1,"glmnet",0.596955128205128,0.149374229518243,1.39984859988173,6,-5
1,"rf",0.607371794871795,0.154656354014526,0.467075819757117,6,-5
1,"xgb",0.700320512820513,0.149237524195699,0.713672470568312,6,-5
2,"glmnet",0.666666666666667,0.147054445418912,2.6021949668427,6,-5
2,"rf",0.621794871794872,0.156877112777491,0.448667917881516,6,-5
2,"xgb",0.584935897435897,0.159533446081124,0.393441153812985,6,-5
3,"glmnet",0.725524475524476,0.138515800116279,4.17112657250208,6,-5
3,"rf",0.770979020979021,0.128173181953565,1.3279812429093,6,-5
3,"xgb",0.760489510489511,0.125465636231219,1.05720142408941,6,-5
4,"glmnet",0.620192307692308,0.149150564118461,1.28944528467782,6,-5
4,"rf",0.621794871794872,0.15822017348224,0.440912267540352,6,-5
4,"xgb",0.594551282051282,0.163540562360665,0.322166792171258,6,-5
5,"glmnet",0.689903846153846,0.146617100737714,2.67510018762731,6,-5
5,"rf",0.690705128205128,0.144661263674791,0.95179191303246,6,-5
5,"xgb",0.709935897435897,0.149117622887634,0.751809471912364,6,-5
1,"glmnet",0.686111111111111,0.128048142757825,3.65531866876033,6,-7
1,"rf",0.711111111111111,0.121791791351284,0.942436831688917,6,-7
1,"xgb",0.655555555555556,0.123562736878949,0.694475934909475,6,-7
2,"glmnet",0.637860082304527,0.119490832547365,2.61346410295128,6,-7
2,"rf",0.61522633744856,0.120831578622923,0.691665327517778,6,-7
2,"xgb",0.625514403292181,0.126408424179153,0.476170919912412,6,-7
3,"glmnet",0.688271604938272,0.119972694987449,3.92863433946108,6,-7
3,"rf",0.436213991769547,0.129520516404148,0.222426152076191,6,-7
3,"xgb",0.537037037037037,0.130982842379157,0.137395146157685,6,-7
4,"glmnet",0.465454545454545,0.130312585590032,0.589627763503731,6,-7
4,"rf",0.441818181818182,0.144522580473863,0.219416895176478,6,-7
4,"xgb",0.472727272727273,0.154202246802936,0.0930750456609701,6,-7
5,"glmnet",0.755555555555556,0.128463605993176,7.36575949941397,6,-7
5,"rf",0.585185185185185,0.139494015993729,0.335430269565061,6,-7
5,"xgb",0.662962962962963,0.130929281216569,0.651756803715439,6,-7
1,"glmnet",0.419642857142857,0.108187599883697,1.38381807796275,6,-10
1,"rf",0.571428571428571,0.128656918007237,-0.227460608790575,6,-10
1,"xgb",0.575892857142857,0.132683831355672,-0.14550634440215,6,-10
2,"glmnet",0.696590909090909,0.108399696430671,4.0574914620702,6,-10
2,"rf",0.497727272727273,0.123167543725951,0.0408291976541805,6,-10
2,"xgb",0.520454545454546,0.123246085628863,0.0583256607422619,6,-10
3,"glmnet",0.643181818181818,0.109349738339482,0.704573390615852,6,-10
3,"rf",0.697727272727273,0.109038211588643,0.843587343408641,6,-10
3,"xgb",0.663636363636364,0.115811856851779,0.487200371273257,6,-10
4,"glmnet",0.779761904761905,0.117228863968117,14.258710395098,6,-10
4,"rf",0.781746031746032,0.105483283382691,1.37842203729315,6,-10
4,"xgb",0.755952380952381,0.105769203506491,1.44090227565152,6,-10
5,"glmnet",0.593939393939394,0.120429606557937,0.727589792249575,6,-10
5,"rf",0.626262626262626,0.123859337160888,0.560810556939651,6,-10
5,"xgb",0.63030303030303,0.135177350085495,0.253319716881542,6,-10
1,"glmnet",0.741626794258373,0.175274840072438,0.909196262512164,7,0
1,"rf",0.691387559808612,0.190045699186504,0.733765165387794,7,0
1,"xgb",0.715311004784689,0.185768302613669,0.741604369935424,7,0
2,"glmnet",0.687799043062201,0.185469495945745,0.78499021717495,7,0
2,"rf",0.624401913875598,0.204740755873463,0.593732636272802,7,0
2,"xgb",0.675837320574163,0.194429365723252,0.643800815408092,7,0
3,"glmnet",0.721637426900585,0.18806827201864,0.803857185152772,7,0
3,"rf",0.706432748538012,0.183953439508982,1.19382233633513,7,0
3,"xgb",0.706432748538012,0.195141062514528,0.683652608499544,7,0
4,"glmnet",0.661363636363636,0.19763924869539,0.93631875606952,7,0
4,"rf",0.639772727272727,0.207934354443458,0.686318945193547,7,0
4,"xgb",0.631818181818182,0.215099366384146,0.492956958243212,7,0
5,"glmnet",0.668888888888889,0.197315596263158,1.07253743147154,7,0
5,"rf",0.67,0.207312043902789,0.681940264191822,7,0
5,"xgb",0.692222222222222,0.207705276739419,0.619269022371117,7,0
1,"glmnet",0.715265866209262,0.133189607291808,0.759991998033371,7,-5
1,"rf",0.677530017152659,0.136538911601573,0.840634673842467,7,-5
1,"xgb",0.701543739279588,0.13636712551161,0.744216369393823,7,-5
2,"glmnet",0.729020979020979,0.121552658624393,1.19523047230369,7,-5
2,"rf",0.613636363636364,0.141498039288973,0.664440211277579,7,-5
2,"xgb",0.550699300699301,0.149416825157688,0.244082822445476,7,-5
3,"glmnet",0.696397941680961,0.133463486847966,0.677169490995995,7,-5
3,"rf",0.771869639794168,0.125241594891683,1.61782042355483,7,-5
3,"xgb",0.739279588336192,0.127235358353485,1.00168393064614,7,-5
4,"glmnet",0.686106346483705,0.132616570166884,0.810953837187577,7,-5
4,"rf",0.687821612349914,0.140867070255209,0.776163634654551,7,-5
4,"xgb",0.689536878216124,0.145126570744193,0.570686817637811,7,-5
5,"glmnet",0.756432246998285,0.121190949176752,0.977076935898345,7,-5
5,"rf",0.663807890222985,0.137794549438978,0.705190398303071,7,-5
5,"xgb",0.737564322469983,0.134580502537297,0.779419095281109,7,-5
1,"glmnet",0.651851851851852,0.126039843967765,1.17389649607639,7,-7
1,"rf",0.642592592592593,0.13313350076343,0.559143797882109,7,-7
1,"xgb",0.690740740740741,0.130606949213635,0.617042965865883,7,-7
2,"glmnet",0.603703703703704,0.1375609187911,0.281076773516732,7,-7
2,"rf",0.542592592592593,0.140876813546856,0.202245021439382,7,-7
2,"xgb",0.461111111111111,0.14941471523459,-0.0050733062275463,7,-7
3,"glmnet",0.716666666666667,0.117731428404393,0.783882307733106,7,-7
3,"rf",0.587037037037037,0.134015329753449,0.344970976800882,7,-7
3,"xgb",0.603703703703704,0.132063215211524,0.447940860525532,7,-7
4,"glmnet",0.753086419753086,0.112022223253278,0.780444447135154,7,-7
4,"rf",0.664609053497942,0.126067328106751,0.608684351655159,7,-7
4,"xgb",0.637860082304527,0.129134728304338,0.425291934126903,7,-7
5,"glmnet",0.772222222222222,0.102658736344912,1.15178695855639,7,-7
5,"rf",0.598148148148148,0.123384209571548,0.634611234739508,7,-7
5,"xgb",0.668518518518519,0.111964618008918,1.03490683369574,7,-7
1,"glmnet",0.761616161616162,0.111285943884724,1.02806228561965,7,-10
1,"rf",0.581818181818182,0.122890769462081,0.386851909389614,7,-10
1,"xgb",0.64040404040404,0.123732885544079,0.445308468880184,7,-10
2,"glmnet",0.604938271604938,0.1308779898743,0.355205346548707,7,-10
2,"rf",0.670781893004115,0.121568120627248,0.704270533650529,7,-10
2,"xgb",0.623456790123457,0.12959069668292,0.370637841432832,7,-10
3,"glmnet",0.692929292929293,0.116737818904085,2.85964426240147,7,-10
3,"rf",0.628282828282828,0.122475340340893,0.573601958600352,7,-10
3,"xgb",0.8,0.107206388953323,1.08385429745211,7,-10
4,"glmnet",0.594949494949495,0.119479392635261,1.22416040949962,7,-10
4,"rf",0.577777777777778,0.124204004030756,0.30163959427512,7,-10
4,"xgb",0.660606060606061,0.120909240981101,0.50770978836955,7,-10
5,"glmnet",0.86060606060606,0.0989351619606694,1.61528734645801,7,-10
5,"rf",0.686868686868687,0.121168933640729,0.889141224683911,7,-10
5,"xgb",0.731313131313131,0.121478743868653,0.73442746810983,7,-10
1,"glmnet",0.66530612244898,0.227711702737699,0.975787054558205,8,0
1,"rf",0.633673469387755,0.235470709880042,0.706124188598159,8,0
1,"xgb",0.637755102040816,0.249614707727701,0.398616645977093,8,0
2,"glmnet",0.669642857142857,0.226659316489909,0.962424044997212,8,0
2,"rf",0.732142857142857,0.212191242080732,1.10364225238607,8,0
2,"xgb",0.676587301587302,0.228575447934358,0.65364716248754,8,0
3,"glmnet",0.642857142857143,0.238787874170131,0.571142258579551,8,0
3,"rf",0.504960317460317,0.283497875934505,-0.0893233051476956,8,0
3,"xgb",0.575396825396825,0.275316349040354,0.203992128273262,8,0
4,"glmnet",0.728927203065134,0.211695078990901,1.02202340133724,8,0
4,"rf",0.673371647509579,0.223949421530492,0.9350870652635,8,0
4,"xgb",0.659961685823755,0.230959121670156,0.675211914580452,8,0
5,"glmnet",0.639795918367347,0.235635438254476,0.578767522760763,8,0
5,"rf",0.686734693877551,0.226902600460043,0.929012633496096,8,0
5,"xgb",0.676530612244898,0.229058121706146,0.71576930244603,8,0
1,"glmnet",0.650895140664962,0.186252242628861,0.729576420178083,8,-5
1,"rf",0.690537084398977,0.181626496353849,1.11007769719873,8,-5
1,"xgb",0.670076726342711,0.18690807323404,0.798941565341261,8,-5
2,"glmnet",0.743498817966903,0.176160206246088,0.674124690200886,8,-5
2,"rf",0.719858156028369,0.183991484905833,1.05893037227826,8,-5
2,"xgb",0.782505910165485,0.174257304959078,0.866545248517697,8,-5
3,"glmnet",0.841051314142678,0.133717854044691,1.67279866617125,8,-5
3,"rf",0.386733416770964,0.181838422290983,0.76582983551678,8,-5
3,"xgb",0.669586983729662,0.165497302035785,0.907168708160983,8,-5
4,"glmnet",0.670838548185232,0.189166854545008,0.552321077284842,8,-5
4,"rf",0.568210262828536,0.196892590585145,0.404273410289992,8,-5
4,"xgb",0.406758448060075,0.201619340214082,0.357493688187199,8,-5
5,"glmnet",0.707161125319693,0.172525735689043,0.885056057914678,8,-5
5,"rf",0.663682864450128,0.184234943347651,0.951222646032836,8,-5
5,"xgb",0.670076726342711,0.183035267756705,0.823860045359094,8,-5
1,"glmnet",0.831292517006803,0.136999045834216,1.95708772665936,8,-7
1,"rf",0.794557823129252,0.151362228069615,1.86106998276924,8,-7
1,"xgb",0.740136054421769,0.162051064988331,1.025456851752,8,-7
2,"glmnet",0.657434402332362,0.149769931467373,0.770925902713191,8,-7
2,"rf",0.664723032069971,0.163022888750207,0.663409860578294,8,-7
2,"xgb",0.674927113702624,0.154759417618192,0.762272788794043,8,-7
3,"glmnet",0.597333333333333,0.179082959987697,0.446536498753299,8,-7
3,"rf",0.512,0.191639590201365,0.043437958498335,8,-7
3,"xgb",0.582666666666667,0.18141957542857,0.360318106156163,8,-7
4,"glmnet",0.740524781341108,0.15615952065412,0.859079954820007,8,-7
4,"rf",0.692419825072886,0.160640612591755,0.930203735779541,8,-7
4,"xgb",0.701166180758018,0.167071521102646,0.720039036867592,8,-7
5,"glmnet",0.755102040816326,0.167205750028627,0.699261199506613,8,-7
5,"rf",0.640816326530612,0.176010260063113,0.518864717600358,8,-7
5,"xgb",0.670748299319728,0.174659929356821,0.598639300544011,8,-7
1,"glmnet",0.665158371040724,0.172340735479217,0.439165798926236,8,-10
1,"rf",0.609351432880845,0.169589028544553,0.436241997631578,8,-10
1,"xgb",0.624434389140271,0.173803059516912,0.339806457802004,8,-10
2,"glmnet",0.69281045751634,0.145889485704763,0.8463614198718,8,-10
2,"rf",0.630718954248366,0.150017376370059,0.655774571654753,8,-10
2,"xgb",0.660130718954248,0.148694936816478,0.65823734971516,8,-10
3,"glmnet",0.766272189349112,0.146726904384953,0.837062395145215,8,-10
3,"rf",0.678994082840237,0.151889725918731,0.869855190187894,8,-10
3,"xgb",0.773668639053254,0.136949756136103,1.33065066708843,8,-10
4,"glmnet",0.764423076923077,0.119070671606483,1.21179026699263,8,-10
4,"rf",0.737179487179487,0.132172789390084,1.10595815005846,8,-10
4,"xgb",0.778846153846154,0.11642825863956,1.39483777028771,8,-10
5,"glmnet",0.730392156862745,0.133174739155589,0.946440385095866,8,-10
5,"rf",0.743464052287582,0.141582210857939,1.13206685332941,8,-10
5,"xgb",0.766339869281046,0.141607909943417,1.0850157087478,8,-10
1,"glmnet",0.726086956521739,0.208585615529343,0.988032224786448,9,0
1,"rf",0.56304347826087,0.246314153249546,0.178376964083853,9,0
1,"xgb",0.622826086956522,0.228105514740035,0.455909037366646,9,0
2,"glmnet",0.790031813361612,0.186671372821134,1.9202295731038,9,0
2,"rf",0.683987274655355,0.209782801182056,0.856629248296076,9,0
2,"xgb",0.695652173913043,0.205364042858405,0.834729628778992,9,0
3,"glmnet",0.669715447154472,0.210532882331606,0.813928644200119,9,0
3,"rf",0.590447154471545,0.228570681274575,0.566809757884831,9,0
3,"xgb",0.588414634146341,0.239013396500345,0.391251717722051,9,0
4,"glmnet",0.601272534464475,0.227400469307666,0.581673242517986,9,0
4,"rf",0.63202545068929,0.223104918955625,0.645983570322417,9,0
4,"xgb",0.625662778366914,0.230146985092692,0.47371769552324,9,0
5,"glmnet",0.671739130434783,0.220606786877047,0.610563131065002,9,0
5,"rf",0.631521739130435,0.227224813193331,0.549834346708028,9,0
5,"xgb",0.63695652173913,0.229923299218445,0.487553924780567,9,0
1,"glmnet",0.481538461538462,0.179980711648257,-0.077595292920288,9,-5
1,"rf",0.523076923076923,0.199050259030824,-0.122692108643198,9,-5
1,"xgb",0.530769230769231,0.202081572164995,-0.210674427894432,9,-5
2,"glmnet",0.694285714285714,0.156846863423727,0.876986180194201,9,-5
2,"rf",0.547142857142857,0.171232503859417,0.312068365534956,9,-5
2,"xgb",0.511428571428571,0.180796556552103,0.0181661921333346,9,-5
3,"glmnet",0.56,0.165697489393001,0.591826338637552,9,-5
3,"rf",0.562857142857143,0.173408084108436,0.368947515673894,9,-5
3,"xgb",0.59,0.168722625686647,0.445055640509837,9,-5
4,"glmnet",0.581428571428571,0.176619579423109,0.417384714164592,9,-5
4,"rf",0.532857142857143,0.177892306091707,0.246705444678278,9,-5
4,"xgb",0.494285714285714,0.189086621992138,0.00553925308097447,9,-5
5,"glmnet",0.715714285714286,0.150011642229329,1.06428550428874,9,-5
5,"rf",0.722857142857143,0.153767842099776,1.30257904968271,9,-5
5,"xgb",0.82,0.141657173601837,1.93278166459047,9,-5
1,"glmnet",0.605660377358491,0.150108023286532,0.282476532365005,9,-7
1,"rf",0.518867924528302,0.144662732149989,0.114740334202591,9,-7
1,"xgb",0.535849056603774,0.154742066476788,0.150518038568432,9,-7
2,"glmnet",0.438250428816467,0.139482988636878,1.15067140288163,9,-7
2,"rf",0.728987993138937,0.127759114363977,1.47903576869499,9,-7
2,"xgb",0.629502572898799,0.137278397425416,0.804926998357867,9,-7
3,"glmnet",0.521440823327616,0.160034211025312,-0.0549165537409086,9,-7
3,"rf",0.433962264150943,0.144861604352229,0.306756027940176,9,-7
3,"xgb",0.540308747855918,0.140639388376061,0.395386454947393,9,-7
4,"glmnet",0.622222222222222,0.131568688257641,0.665029296145661,9,-7
4,"rf",0.557407407407407,0.147533834255543,0.107685178519565,9,-7
4,"xgb",0.444444444444444,0.136721215126936,0.395879142913214,9,-7
5,"glmnet",0.523156089193825,0.143327760773505,0.396754340443341,9,-7
5,"rf",0.425385934819897,0.146337331020571,0.368580915099713,9,-7
5,"xgb",0.478559176672384,0.145424776165025,0.26713427973666,9,-7
1,"glmnet",0.737373737373737,0.119228358705834,14.8639663038685,9,-10
1,"rf",0.741414141414141,0.107104591216444,1.16306534337761,9,-10
1,"xgb",0.684848484848485,0.115126358860635,0.786222396308796,9,-10
2,"glmnet",0.818181818181818,0.100492976743524,1.8200716110795,9,-10
2,"rf",0.743434343434343,0.104239726899252,1.55576151100074,9,-10
2,"xgb",0.834343434343434,0.0999926003807898,1.82672660861531,9,-10
3,"glmnet",0.55959595959596,0.1362606606761,0.157317998505983,9,-10
3,"rf",0.545454545454545,0.127230007992628,0.240747053506327,9,-10
3,"xgb",0.428282828282828,0.131927018844105,0.172957770490593,9,-10
4,"glmnet",0.6,0.112078947818357,0.679012409369698,9,-10
4,"rf",0.645454545454546,0.115558818495895,0.543297555499031,9,-10
4,"xgb",0.697727272727273,0.115512151923069,0.617252043955198,9,-10
5,"glmnet",0.546464646464646,0.122942919998348,-0.412520552617079,9,-10
5,"rf",0.577777777777778,0.138677476312471,-0.236081302853005,9,-10
5,"xgb",0.561616161616162,0.141208254158253,-0.174028326193361,9,-10
1,"glmnet",0.569565217391304,0.23991689062572,0.390214776799619,10,0
1,"rf",0.618478260869565,0.22198726673526,0.745608973694407,10,0
1,"xgb",0.579347826086957,0.236379797111424,0.443292505587789,10,0
2,"glmnet",0.66875,0.220610143424588,0.870554512300744,10,0
2,"rf",0.576041666666667,0.240630732225801,0.38252981375427,10,0
2,"xgb",0.623958333333333,0.227518519429502,0.63580557201681,10,0
3,"glmnet",0.690625,0.210120141645952,1.02995158189689,10,0
3,"rf",0.644791666666667,0.220848278998218,0.715977494715042,10,0
3,"xgb",0.652083333333333,0.216589236004859,0.626746453742634,10,0
4,"glmnet",0.66875,0.209292972101268,1.2488868261867,10,0
4,"rf",0.605208333333333,0.225935382489529,0.75234335068086,10,0
4,"xgb",0.615625,0.235333711819621,0.474279389901848,10,0
5,"glmnet",0.634375,0.220852775923152,0.841728435504111,10,0
5,"rf",0.646875,0.220801345344157,0.711107853022055,10,0
5,"xgb",0.629166666666667,0.228632212351025,0.482492172342981,10,0
1,"glmnet",0.684285714285714,0.159140781341017,0.74004722288225,10,-5
1,"rf",0.715714285714286,0.159749165273457,0.976237479167245,10,-5
1,"xgb",0.727142857142857,0.158287362568652,0.867461257695405,10,-5
2,"glmnet",0.506153846153846,0.183149286334698,0.0584523523377082,10,-5
2,"rf",0.54,0.185147403918764,-0.131796434404307,10,-5
2,"xgb",0.536923076923077,0.182318696363367,-0.0866105862702696,10,-5
3,"glmnet",0.737142857142857,0.153033741966856,1.69064830831702,10,-5
3,"rf",0.631428571428571,0.164215008876256,0.762800835914814,10,-5
3,"xgb",0.68,0.162951720940981,0.767221997978208,10,-5
4,"glmnet",0.556561085972851,0.15988284001231,0.535151254101627,10,-5
4,"rf",0.455505279034691,0.1574442718858,0.41884942362625,10,-5
4,"xgb",0.601809954751131,0.156286643570392,0.467152802521002,10,-5
5,"glmnet",0.635714285714286,0.16231815271313,1.53283822593354,10,-5
5,"rf",0.711428571428571,0.15607971671292,1.08171427390431,10,-5
5,"xgb",0.724285714285714,0.151175698731618,1.01227347830761,10,-5
1,"glmnet",0.55917667238422,0.146332646615386,0.37032089758899,10,-7
1,"rf",0.478559176672384,0.15207019010463,0.0826060997928625,10,-7
1,"xgb",0.437392795883362,0.150155672655012,0.24320964245626,10,-7
2,"glmnet",0.806089743589744,0.133050129829484,1.58057535288934,10,-7
2,"rf",0.669871794871795,0.14670607683604,0.947092182106926,10,-7
2,"xgb",0.725961538461538,0.140190489396046,1.11914459965853,10,-7
3,"glmnet",0.629370629370629,0.139163262989469,0.828686387046855,10,-7
3,"rf",0.622377622377622,0.145235289374214,0.637559540712771,10,-7
3,"xgb",0.671328671328671,0.136274131302315,0.917946714469425,10,-7
4,"glmnet",0.617495711835334,0.141748171852907,0.352583351781768,10,-7
4,"rf",0.595197255574614,0.142752210499798,0.444002634082043,10,-7
4,"xgb",0.596912521440823,0.138447306250701,0.456067635588611,10,-7
5,"glmnet",0.596912521440823,0.13817580649353,1.22785605268473,10,-7
5,"rf",0.478559176672384,0.146575990657562,0.176854505683998,10,-7
5,"xgb",0.554030874785592,0.143139611154321,0.346736594867781,10,-7
1,"glmnet",0.65,0.128349988462446,3.16793349290949,10,-10
1,"rf",0.537037037037037,0.138717993983396,0.199015931429471,10,-10
1,"xgb",0.555555555555556,0.135488417596788,0.280895019927167,10,-10
2,"glmnet",0.635849056603774,0.128104057582074,0.980877889888013,10,-10
2,"rf",0.673584905660377,0.125776336589516,0.84039288720083,10,-10
2,"xgb",0.70188679245283,0.124634430466463,1.11744832772745,10,-10
3,"glmnet",0.701543739279588,0.138847476670902,4.03963675203428,10,-10
3,"rf",0.555746140651801,0.14297339589613,0.451015813814142,10,-10
3,"xgb",0.675814751286449,0.135134339535112,0.813017243674263,10,-10
4,"glmnet",0.562962962962963,0.133773317380383,0.428222408773586,10,-10
4,"rf",0.527777777777778,0.14078259551576,0.105722200857068,10,-10
4,"xgb",0.47037037037037,0.137672729896566,0.164813373042982,10,-10
5,"glmnet",0.674074074074074,0.128520692726456,4.09136243914562,10,-10
5,"rf",0.601851851851852,0.135350865239743,0.60113368975302,10,-10
5,"xgb",0.601851851851852,0.133162472627249,0.636563698881708,10,-10
1,"glmnet",0.577368421052632,0.235890517618256,2.53317630703056,11,0
1,"rf",0.724210526315789,0.207600464049361,1.24896629392938,11,0
1,"xgb",0.677894736842105,0.223769063181324,0.654328530978144,11,0
2,"glmnet",0.587044534412955,0.233273344763923,0.690872651651522,11,0
2,"rf",0.645748987854251,0.229841835669524,0.732369269254037,11,0
2,"xgb",0.696356275303644,0.216040087237216,0.793916791978944,11,0
3,"glmnet",0.643724696356275,0.229268966058483,0.759364388425532,11,0
3,"rf",0.712550607287449,0.208481334191488,1.30846169779737,11,0
3,"xgb",0.681174089068826,0.216624804399455,0.796349396295262,11,0
4,"glmnet",0.599696356275304,0.236704566791699,3.8113566725119,11,0
4,"rf",0.554655870445344,0.249026731979966,0.355649945117612,11,0
4,"xgb",0.610323886639676,0.238736009962328,0.55677199416943,11,0
5,"glmnet",0.646255060728745,0.235509071857849,4.50644478200761,11,0
5,"rf",0.740890688259109,0.202263530437851,1.34000959135844,11,0
5,"xgb",0.75,0.196667032022281,1.11047335870779,11,0
1,"glmnet",0.492711370262391,0.180561404269973,0.108987391764681,11,-5
1,"rf",0.494169096209913,0.187865160221035,-0.0516197098824711,11,-5
1,"xgb",0.46064139941691,0.203911610733055,-0.158728921295532,11,-5
2,"glmnet",0.684285714285714,0.162214520408669,1.60983741697918,11,-5
2,"rf",0.43,0.175524661086775,0.486634679116769,11,-5
2,"xgb",0.59,0.184231884410475,0.3272161263557,11,-5
3,"glmnet",0.431486880466472,0.170220200504109,0.642279391369908,11,-5
3,"rf",0.511661807580175,0.185440979152246,0.048102022566859,11,-5
3,"xgb",0.567055393586006,0.200073669574733,-0.187116230047257,11,-5
4,"glmnet",0.605442176870748,0.171134215052577,0.620508849137942,11,-5
4,"rf",0.552380952380952,0.185926483291224,0.0445026489120734,11,-5
4,"xgb",0.561904761904762,0.186478563787964,0.263299285102246,11,-5
5,"glmnet",0.704,0.162445971518154,0.946562407868265,11,-5
5,"rf",0.596,0.175668599141152,0.629313901532668,11,-5
5,"xgb",0.674666666666667,0.168251886082587,0.883870254250142,11,-5
1,"glmnet",0.512820512820513,0.154821872080657,0.319014832450084,11,-7
1,"rf",0.480769230769231,0.170198749190555,-0.0544289125014071,11,-7
1,"xgb",0.52724358974359,0.175415950588332,-0.0931106454264787,11,-7
2,"glmnet",0.594551282051282,0.15144493421637,5.27671864456052,11,-7
2,"rf",0.469551282051282,0.173370138317498,-0.14015622119306,11,-7
2,"xgb",0.557692307692308,0.167273613160326,0.167705262207201,11,-7
3,"glmnet",0.65034965034965,0.148638330411924,0.530901487841339,11,-7
3,"rf",0.505244755244755,0.150867483898094,0.108294281554111,11,-7
3,"xgb",0.498251748251748,0.159122239549025,0.0260795214933459,11,-7
4,"glmnet",0.53926282051282,0.151585014105184,2.20380952966907,11,-7
4,"rf",0.604166666666667,0.15375031644485,0.590160437868773,11,-7
4,"xgb",0.584935897435897,0.154302877987084,0.425481799166627,11,-7
5,"glmnet",0.581730769230769,0.15347732718648,0.498686899544864,11,-7
5,"rf",0.53525641025641,0.171922547881412,-0.204201680084021,11,-7
5,"xgb",0.477564102564103,0.176748686801025,-0.244986301887689,11,-7
1,"glmnet",0.684391080617496,0.136131855834838,0.888264089485376,11,-10
1,"rf",0.583190394511149,0.144162930157184,0.412243993621451,11,-10
1,"xgb",0.439108061749571,0.144317319768708,0.380548158422432,11,-10
2,"glmnet",0.626072041166381,0.142462662624323,0.601768594026616,11,-10
2,"rf",0.586620926243568,0.143130388633668,0.544793964513431,11,-10
2,"xgb",0.415094339622642,0.144121425452491,0.445459057585486,11,-10
3,"glmnet",0.611320754716981,0.143508394379845,0.435181940566238,11,-10
3,"rf",0.516981132075472,0.151365048435803,0.178229827719013,11,-10
3,"xgb",0.452830188679245,0.169559682975021,-0.186168247852577,11,-10
4,"glmnet",0.664150943396226,0.128865301008059,0.747425003615689,11,-10
4,"rf",0.675471698113208,0.134111759673069,0.714329495998716,11,-10
4,"xgb",0.747169811320755,0.130002984331879,0.828726307607593,11,-10
5,"glmnet",0.444444444444444,0.140032379463908,1.53610349869394,11,-10
5,"rf",0.582491582491583,0.142508691176527,0.5016254244196,11,-10
5,"xgb",0.624579124579125,0.141809855502983,0.622354161074191,11,-10
1,"glmnet",0.758620689655172,0.202272566470749,1.00118313253149,12,0
1,"rf",0.755747126436782,0.198333046236154,1.14996169879713,12,0
1,"xgb",0.761494252873563,0.198308249255691,0.876694184656703,12,0
2,"glmnet",0.779761904761905,0.184514159283577,1.41768633076145,12,0
2,"rf",0.741071428571429,0.204283434895961,1.26425650182049,12,0
2,"xgb",0.764880952380952,0.197482598698599,1.05147069254193,12,0
3,"glmnet",0.719387755102041,0.210847813252985,0.712681892064778,12,0
3,"rf",0.68265306122449,0.224867620494675,0.666390528271472,12,0
3,"xgb",0.709183673469388,0.217582570172408,0.659021860156457,12,0
4,"glmnet",0.865079365079365,0.156198703489232,1.73024739030559,12,0
4,"rf",0.78968253968254,0.193746003166815,1.77019292853493,12,0
4,"xgb",0.838293650793651,0.168966160698087,1.6784783653658,12,0
5,"glmnet",0.686734693877551,0.244145311373438,0.454551797410432,12,0
5,"rf",0.654081632653061,0.243587501128973,0.478344346834093,12,0
5,"xgb",0.703061224489796,0.227077505978519,0.570909643654669,12,0
1,"glmnet",0.836872586872587,0.155516381500266,1.21187872475553,12,-5
1,"rf",0.845559845559846,0.159553571669084,1.51469076619444,12,-5
1,"xgb",0.833011583011583,0.167055746098483,1.10813352983735,12,-5
2,"glmnet",0.75,0.192815267359683,0.930331774555908,12,-5
2,"rf",0.756172839506173,0.191014665173215,1.18494999087728,12,-5
2,"xgb",0.756172839506173,0.192384618271427,0.941200619201819,12,-5
3,"glmnet",0.742798353909465,0.216912210051859,0.56495407706612,12,-5
3,"rf",0.684156378600823,0.228661323007504,0.573536166730235,12,-5
3,"xgb",0.708847736625514,0.225913144483666,0.522484655768176,12,-5
4,"glmnet",0.782738095238095,0.17101989407002,1.12798041863951,12,-5
4,"rf",0.787698412698413,0.184201444641084,1.13765246321986,12,-5
4,"xgb",0.799603174603175,0.182525184718725,0.884476155767474,12,-5
5,"glmnet",0.726226226226226,0.198230307270071,1.02749763218063,12,-5
5,"rf",0.735735735735736,0.2056399044231,0.937275201831786,12,-5
5,"xgb",0.735735735735736,0.211171254632714,0.733550926432441,12,-5
1,"glmnet",0.810728744939271,0.170317356222043,1.16492270896982,12,-7
1,"rf",0.791497975708502,0.181551436057222,1.31186974712651,12,-7
1,"xgb",0.785425101214575,0.18059497490803,0.96774600541379,12,-7
2,"glmnet",0.800194931773879,0.176884623782418,1.16998559855396,12,-7
2,"rf",0.761208576998051,0.195225169112297,1.00316348115469,12,-7
2,"xgb",0.806042884990253,0.179533357243125,1.03310514155477,12,-7
3,"glmnet",0.816528066528067,0.165997218410288,1.4429890625323,12,-7
3,"rf",0.764033264033264,0.191511274682997,1.06978225884863,12,-7
3,"xgb",0.778586278586279,0.186498572980023,0.905556276749306,12,-7
4,"glmnet",0.670997920997921,0.221555654840563,0.56139885768085,12,-7
4,"rf",0.67047817047817,0.226022673833411,0.546897973114498,12,-7
4,"xgb",0.66008316008316,0.237788911201328,0.419363735293984,12,-7
5,"glmnet",0.819838056680162,0.162530984485333,1.13058967547747,12,-7
5,"rf",0.794534412955466,0.181128274437299,1.18115438762905,12,-7
5,"xgb",0.79251012145749,0.180334145363392,0.898081431267724,12,-7
1,"glmnet",0.883589743589744,0.139539149436257,1.4655127581331,12,-10
1,"rf",0.815384615384615,0.163092557299239,1.18738517273172,12,-10
1,"xgb",0.843076923076923,0.146034662539544,1.06996695047493,12,-10
2,"glmnet",0.755897435897436,0.194986971567495,0.710630263155909,12,-10
2,"rf",0.755897435897436,0.188961413115409,0.981251993129133,12,-10
2,"xgb",0.733333333333333,0.200420615821646,0.726322168568988,12,-10
3,"glmnet",0.795940170940171,0.160642454230683,1.21521992449472,12,-10
3,"rf",0.775641025641026,0.192914579609934,0.953862237523265,12,-10
3,"xgb",0.753205128205128,0.203874672525368,0.697888665089386,12,-10
4,"glmnet",0.779487179487179,0.178062603809338,0.791855092584709,12,-10
4,"rf",0.738461538461539,0.200366290017791,0.695587509172687,12,-10
4,"xgb",0.731282051282051,0.202204071178312,0.592551980126049,12,-10
5,"glmnet",0.841025641025641,0.173377382103889,1.0179409057247,12,-10
5,"rf",0.793846153846154,0.179679881255499,1.12047750531613,12,-10
5,"xgb",0.794871794871795,0.186735436870915,0.840778909890186,12,-10
1,"glmnet",0.697530864197531,0.218007995117542,0.969136326883146,13,0
1,"rf",0.668724279835391,0.229285752823026,0.965508650650209,13,0
1,"xgb",0.666666666666667,0.226738494792277,0.72849688786539,13,0
2,"glmnet",0.613095238095238,0.245827293828686,0.462742888894188,13,0
2,"rf",0.572420634920635,0.300225289261096,-0.422667762954148,13,0
2,"xgb",0.540674603174603,0.309272531395319,-0.150472216094605,13,0
3,"glmnet",0.746031746031746,0.219112364262119,3.37052855604829,13,0
3,"rf",0.697420634920635,0.218822959960205,1.50412559877779,13,0
3,"xgb",0.73015873015873,0.207335407838538,1.244407095077,13,0
4,"glmnet",0.696428571428571,0.213651831664783,1.25971949836087,13,0
4,"rf",0.645833333333333,0.232043666143043,0.777760238040742,13,0
4,"xgb",0.623015873015873,0.245611447147026,0.422992502314414,13,0
5,"glmnet",0.6875,0.222828252789589,0.920843078091405,13,0
5,"rf",0.672619047619048,0.227071821295186,0.836051936179242,13,0
5,"xgb",0.679563492063492,0.225812033545212,0.635504293544915,13,0
1,"glmnet",0.591145833333333,0.186319054687257,0.395507245887748,13,-5
1,"rf",0.671875,0.172934975076751,1.00418275336448,13,-5
1,"xgb",0.701822916666667,0.168477266513462,0.862790234448862,13,-5
2,"glmnet",0.743055555555556,0.163184765859104,1.74649865323499,13,-5
2,"rf",0.597222222222222,0.186308981992431,0.487109039466466,13,-5
2,"xgb",0.584722222222222,0.189484647462276,0.393715741919324,13,-5
3,"glmnet",0.540364583333333,0.193752724255511,-0.076060840266857,13,-5
3,"rf",0.4453125,0.202487165387608,0.234829580158706,13,-5
3,"xgb",0.575520833333333,0.204256828038592,0.246398623105509,13,-5
4,"glmnet",0.734375,0.170945083968783,2.94092754797786,13,-5
4,"rf",0.684895833333333,0.174281738558209,1.28533126493702,13,-5
4,"xgb",0.703125,0.17256837212138,1.10990980091983,13,-5
5,"glmnet",0.55859375,0.208858610117178,0.292906270368245,13,-5
5,"rf",0.622395833333333,0.183644171014369,0.66551149456513,13,-5
5,"xgb",0.661458333333333,0.189530196118433,0.544188763892909,13,-5
1,"glmnet",0.573906485671192,0.161135804340265,0.852226673747716,13,-7
1,"rf",0.680241327300151,0.159647502397871,0.670261226556432,13,-7
1,"xgb",0.737556561085973,0.161404793492388,0.617276688378204,13,-7
2,"glmnet",0.457013574660633,0.17667413287798,0.224595292470789,13,-7
2,"rf",0.619909502262443,0.159139906810797,0.601631102514715,13,-7
2,"xgb",0.607843137254902,0.160885831856821,0.517812558676192,13,-7
3,"glmnet",0.624615384615385,0.165075321107131,0.547960864198317,13,-7
3,"rf",0.609230769230769,0.165373721972804,0.496980145970122,13,-7
3,"xgb",0.658461538461539,0.166730531198531,0.500454180323969,13,-7
4,"glmnet",0.782857142857143,0.14929560887516,2.22667372556498,13,-7
4,"rf",0.714285714285714,0.153337049943214,1.29901268382105,13,-7
4,"xgb",0.767142857142857,0.142806129755872,1.45531302985611,13,-7
5,"glmnet",0.508295625942685,0.176440059539547,0.140508215677477,13,-7
5,"rf",0.508295625942685,0.171917847106876,-0.100314253442429,13,-7
5,"xgb",0.535444947209653,0.171608842651026,0.137652526507033,13,-7
1,"glmnet",0.736378205128205,0.147485698510613,7.26393294937067,13,-10
1,"rf",0.769230769230769,0.131385877025708,1.67923057679125,13,-10
1,"xgb",0.737179487179487,0.134000794150753,1.11988112856632,13,-10
2,"glmnet",0.74198717948718,0.139872676819844,1.51567662494117,13,-10
2,"rf",0.63301282051282,0.148535709207862,0.658540984282691,13,-10
2,"xgb",0.698717948717949,0.141021975849237,0.901881038100658,13,-10
3,"glmnet",0.691176470588235,0.146035468878989,1.49218538565012,13,-10
3,"rf",0.486928104575163,0.168957591774101,0.145970948409866,13,-10
3,"xgb",0.602941176470588,0.155680218533219,0.427685641454504,13,-10
4,"glmnet",0.556089743589744,0.153781058229025,0.356027989901226,13,-10
4,"rf",0.653846153846154,0.14605645128123,0.796778876847544,13,-10
4,"xgb",0.655448717948718,0.14901443034561,0.54393432958532,13,-10
5,"glmnet",0.65224358974359,0.145017897841473,1.35275502024795,13,-10
5,"rf",0.689102564102564,0.141565801306527,1.08284299413447,13,-10
5,"xgb",0.737179487179487,0.137021510676811,1.09601612988784,13,-10
1,"glmnet",0.754115226337449,0.19636066185839,0.883563197511535,14,0
1,"rf",0.72119341563786,0.211972233862997,1.00879358872274,14,0
1,"xgb",0.759259259259259,0.19844146345879,0.996084283033679,14,0
2,"glmnet",0.648148148148148,0.228603891008244,0.635330505486022,14,0
2,"rf",0.58641975308642,0.262164991408491,0.252262094882989,14,0
2,"xgb",0.628600823045267,0.252477820434443,0.36899988635289,14,0
3,"glmnet",0.722222222222222,0.223566716854273,0.708555360581635,14,0
3,"rf",0.648809523809524,0.238191185093587,0.518072010404463,14,0
3,"xgb",0.665674603174603,0.237332764911922,0.491522938800376,14,0
4,"glmnet",0.813492063492063,0.194346428282048,3.55977484211972,14,0
4,"rf",0.822420634920635,0.181800874787564,1.85667256750122,14,0
4,"xgb",0.860119047619048,0.158658472719139,1.73484724330421,14,0
5,"glmnet",0.825289575289575,0.168035212854992,1.71596871624828,14,0
5,"rf",0.736486486486487,0.20542000113427,0.946398372813375,14,0
5,"xgb",0.803088803088803,0.180108586288196,1.12584587524069,14,0
1,"glmnet",0.804926108374384,0.175589004903346,1.06823721700082,14,-5
1,"rf",0.799014778325123,0.184836714936563,1.2680236313103,14,-5
1,"xgb",0.790147783251231,0.185286184699187,0.93059981342336,14,-5
2,"glmnet",0.797959183673469,0.173441193683627,1.1086342305837,14,-5
2,"rf",0.820408163265306,0.171282022191845,1.54194826156465,14,-5
2,"xgb",0.83469387755102,0.165462826981385,1.25514198161225,14,-5
3,"glmnet",0.729662698412698,0.195317234757526,1.28123151979525,14,-5
3,"rf",0.697420634920635,0.216525641823853,0.827433380748502,14,-5
3,"xgb",0.669642857142857,0.240451102491804,0.500949570427926,14,-5
4,"glmnet",0.774801587301587,0.188344485897393,1.01581432827044,14,-5
4,"rf",0.737103174603175,0.199635611937939,0.892248288519451,14,-5
4,"xgb",0.742063492063492,0.215929711759011,0.598491640242495,14,-5
5,"glmnet",0.742063492063492,0.202845835493773,0.715303987889552,14,-5
5,"rf",0.729166666666667,0.20850172318462,0.753055425045346,14,-5
5,"xgb",0.712301587301587,0.214389606270383,0.620004209136986,14,-5
1,"glmnet",0.771309771309771,0.18026118788161,1.07451946173629,14,-7
1,"rf",0.777546777546778,0.184362246921328,1.02850301639353,14,-7
1,"xgb",0.772349272349272,0.194257504248867,0.805088652461423,14,-7
2,"glmnet",0.82952182952183,0.163004565591611,1.28829938087547,14,-7
2,"rf",0.707900207900208,0.219847192981967,0.609662831788214,14,-7
2,"xgb",0.723492723492724,0.219614724644707,0.535457443373722,14,-7
3,"glmnet",0.811811811811812,0.176114554676473,1.27291188054591,14,-7
3,"rf",0.798798798798799,0.183490886969941,1.34648414215139,14,-7
3,"xgb",0.807807807807808,0.178764371084632,1.15902140409277,14,-7
4,"glmnet",0.802802802802803,0.173130626901788,0.938152866915663,14,-7
4,"rf",0.777777777777778,0.189754671664973,1.01983397177428,14,-7
4,"xgb",0.743743743743744,0.206522860183007,0.720924633505447,14,-7
5,"glmnet",0.768031189083821,0.192783209115882,0.817663867892079,14,-7
5,"rf",0.742690058479532,0.20018668180135,0.854605980343286,14,-7
5,"xgb",0.771929824561403,0.191222881826874,0.761814340871471,14,-7
1,"glmnet",0.855263157894737,0.136203279284181,1.46158237430484,14,-10
1,"rf",0.814777327935223,0.168419646641816,1.25534658969359,14,-10
1,"xgb",0.830971659919028,0.160418072170084,1.08735654226413,14,-10
2,"glmnet",0.650526315789474,0.225525704321901,0.502818363798129,14,-10
2,"rf",0.632631578947368,0.249999447973968,0.363312199515306,14,-10
2,"xgb",0.652631578947368,0.243804776096544,0.366289889154552,14,-10
3,"glmnet",0.84,0.150216450451546,1.23215752308354,14,-10
3,"rf",0.84,0.161235791648054,1.349401009722,14,-10
3,"xgb",0.834871794871795,0.166284470401351,0.976079819772937,14,-10
4,"glmnet",0.728947368421053,0.21621837158498,3.95339100190352,14,-10
4,"rf",0.768421052631579,0.186131302071305,0.861893418304976,14,-10
4,"xgb",0.783157894736842,0.181154325588396,0.887077938015526,14,-10
5,"glmnet",0.82051282051282,0.158134259163593,1.28227269794245,14,-10
5,"rf",0.765285996055227,0.185344564883915,1.05558268958329,14,-10
5,"xgb",0.779092702169625,0.174820616956215,0.94004456698059,14,-10
1,"glmnet",0.654761904761905,0.234070387243675,0.564216148900012,15,0
1,"rf",0.436507936507937,0.249046565422536,0.415684083682981,15,0
1,"xgb",0.649801587301587,0.237254140367734,0.525213167142801,15,0
2,"glmnet",0.687755102040816,0.220577863201651,0.745187279117528,15,0
2,"rf",0.694897959183673,0.221532567228201,1.23471972036861,15,0
2,"xgb",0.691836734693878,0.219545568393787,0.951534372074464,15,0
3,"glmnet",0.697420634920635,0.217045697082511,0.850966223159711,15,0
3,"rf",0.68452380952381,0.225167934027055,0.881299660685719,15,0
3,"xgb",0.735119047619048,0.208094312969042,1.03477711957119,15,0
4,"glmnet",0.713293650793651,0.21219655778033,0.879715070565849,15,0
4,"rf",0.579365079365079,0.249151566636724,0.453826795444123,15,0
4,"xgb",0.579365079365079,0.261544148434649,0.310467894657025,15,0
5,"glmnet",0.699404761904762,0.218289027028621,0.910528569837128,15,0
5,"rf",0.741071428571429,0.207171347135151,1.8182931678864,15,0
5,"xgb",0.719246031746032,0.212029276723389,0.911856878006913,15,0
1,"glmnet",0.635416666666667,0.17970477196875,0.624575907503404,15,-5
1,"rf",0.704427083333333,0.164448438986168,1.18723081139119,15,-5
1,"xgb",0.733072916666667,0.157660115059403,1.11532768723437,15,-5
2,"glmnet",0.770833333333333,0.155431604852152,0.896037297564772,15,-5
2,"rf",0.702777777777778,0.164875791875684,1.06047065036277,15,-5
2,"xgb",0.720833333333333,0.162336267412666,0.903188067720928,15,-5
3,"glmnet",0.592447916666667,0.179514571228543,0.692174944431639,15,-5
3,"rf",0.549479166666667,0.193633576590827,0.280772768750771,15,-5
3,"xgb",0.436197916666667,0.193081410386598,0.337866292554105,15,-5
4,"glmnet",0.6,0.188639398159919,0.404495085034358,15,-5
4,"rf",0.421768707482993,0.182443181347312,0.470474223919689,15,-5
4,"xgb",0.414965986394558,0.189850159979656,0.329327987011272,15,-5
5,"glmnet",0.579427083333333,0.189470697086388,0.166846936036932,15,-5
5,"rf",0.669270833333333,0.180545741516149,0.748025455153404,15,-5
5,"xgb",0.680989583333333,0.17807434751238,0.692593560692365,15,-5
1,"glmnet",0.827731092436975,0.14111959483452,1.82364202742379,15,-7
1,"rf",0.771708683473389,0.151089494758104,1.92382851269117,15,-7
1,"xgb",0.774509803921569,0.14818323851042,1.80819341895927,15,-7
2,"glmnet",0.716923076923077,0.144478119216578,0.92017693841731,15,-7
2,"rf",0.606153846153846,0.156575225752588,0.486395872237443,15,-7
2,"xgb",0.641538461538462,0.154341376187529,0.721206960033051,15,-7
3,"glmnet",0.566153846153846,0.167039832329508,0.474889900920408,15,-7
3,"rf",0.607692307692308,0.169328557005669,0.439720862563388,15,-7
3,"xgb",0.596923076923077,0.182416987846187,0.20970848968176,15,-7
4,"glmnet",0.693815987933635,0.158374599233011,0.720869934184213,15,-7
4,"rf",0.654600301659125,0.158320558319132,0.723728227626607,15,-7
4,"xgb",0.663650075414781,0.160988161227991,0.610041238222548,15,-7
5,"glmnet",0.618401206636501,0.158015783869082,0.592801747117381,15,-7
5,"rf",0.508295625942685,0.180084613264346,0.00192159603216755,15,-7
5,"xgb",0.53393665158371,0.194322399057424,-0.124594675563899,15,-7
1,"glmnet",0.580128205128205,0.151960970462164,0.487471106846241,15,-10
1,"rf",0.471153846153846,0.167554598179318,0.118014306981348,15,-10
1,"xgb",0.604166666666667,0.162095012593735,0.356055783180529,15,-10
2,"glmnet",0.465686274509804,0.167873287337238,0.247466640197325,15,-10
2,"rf",0.622549019607843,0.153545375113831,0.548297210573753,15,-10
2,"xgb",0.645424836601307,0.158282805395531,0.48682857969435,15,-10
3,"glmnet",0.737179487179487,0.143913553289726,0.871487247446117,15,-10
3,"rf",0.451923076923077,0.150772550083911,0.490938483732074,15,-10
3,"xgb",0.625,0.145502501888263,0.668918848347279,15,-10
4,"glmnet",0.758814102564103,0.13940521203846,2.20532885396346,15,-10
4,"rf",0.759615384615385,0.13449215274433,1.39368348447157,15,-10
4,"xgb",0.71474358974359,0.14923511218815,0.667368829368832,15,-10
5,"glmnet",0.637019230769231,0.14917242377812,2.37051587165048,15,-10
5,"rf",0.774038461538462,0.128910421868623,1.69108279970134,15,-10
5,"xgb",0.796474358974359,0.123456488740159,1.39573373890906,15,-10
