Fold,Model,AUC,Brier,Slope,Imputation,Delta,Threshold
1,glmnet,0.5193877551020408,0.26046686597595237,0.19625891137418472,1,7,0
1,rf,0.5489795918367347,0.24882749548079286,0.4864151762188353,1,7,0
1,xgb,0.5867346938775511,0.245795402542188,0.5251839268379893,1,7,0
2,glmnet,0.521329365079365,0.24470119655254027,0.8188433726744425,1,7,0
2,rf,0.5248015873015873,0.27498555020026866,-0.21950204453887046,1,7,0
2,xgb,0.5376984126984127,0.2852016706142313,-0.18519109311836904,1,7,0
3,glmnet,0.6780753968253969,0.2342410362705968,2.46228317253955,1,7,0
3,rf,0.564484126984127,0.24899641317289445,0.3582192882202598,1,7,0
3,xgb,0.613095238095238,0.24326645909787217,0.530855902212025,1,7,0
4,glmnet,0.5386904761904762,0.24427284261015944,0.5677575825976245,1,7,0
4,rf,0.47817460317460314,0.2596005669893981,0.02844034967686321,1,7,0
4,xgb,0.5446428571428571,0.2626352313168774,0.10806113671267782,1,7,0
5,glmnet,0.5496031746031745,0.2499070107080508,0.39709405899120137,1,7,0
5,rf,0.5317460317460317,0.2543732112228492,0.21110687504401987,1,7,0
5,xgb,0.5337301587301587,0.26069468223650544,0.15088466056968544,1,7,0
1,glmnet,0.5,0.24613129565551706,NA,1,7,-5
1,rf,0.46726190476190477,0.2481801238665513,0.4114635243137683,1,7,-5
1,xgb,0.5793650793650793,0.24539842690839397,0.4456343469154222,1,7,-5
2,glmnet,0.5405405405405405,0.2480689525669661,-1.153117145768471,1,7,-5
2,rf,0.5805805805805806,0.29015416657461923,-0.3958258216862622,1,7,-5
2,xgb,0.5705705705705706,0.29416807390142835,-0.32670084176373837,1,7,-5
3,glmnet,0.5545267489711934,0.2530055110418826,-0.6973043318916625,1,7,-5
3,rf,0.5987654320987654,0.28459173638459356,-0.6497047647644035,1,7,-5
3,xgb,0.6172839506172839,0.30383672808156786,-0.6826924408804502,1,7,-5
4,glmnet,0.5426587301587301,0.2676197965625822,-0.32341292882814826,1,7,-5
4,rf,0.5446428571428571,0.26720800005061,-0.36394285272890836,1,7,-5
4,xgb,0.49702380952380953,0.2697302435674719,-0.25313110464922045,1,7,-5
5,glmnet,0.5069444444444444,0.25208668025348,0.15844201630150753,1,7,-5
5,rf,0.5287698412698413,0.2538275866318865,0.15372316293786972,1,7,-5
5,xgb,0.5158730158730159,0.2595800765909082,0.06640392647362425,1,7,-5
1,glmnet,0.4733333333333333,0.23981978803057014,-0.9610013467454607,1,7,-7
1,rf,0.5405128205128206,0.2451384694122088,0.21801866109449733,1,7,-7
1,xgb,0.5035897435897436,0.2619099741096824,-0.1304732923146516,1,7,-7
2,glmnet,0.5710059171597632,0.2485131335693301,-2.523222974125943,1,7,-7
2,rf,0.5818540433925049,0.27030367837560554,-0.5317151802707647,1,7,-7
2,xgb,0.5660749506903353,0.26993463904168674,-0.21019620142505896,1,7,-7
3,glmnet,0.5,0.23936026436941965,NA,1,7,-7
3,rf,0.5284210526315789,0.25501443495119425,-0.22809745060538797,1,7,-7
3,xgb,0.47789473684210526,0.24957195907977417,0.004083911329174301,1,7,-7
4,glmnet,0.5887179487179487,0.23529851064294877,0.8196717629361624,1,7,-7
4,rf,0.5497435897435897,0.24390745536724878,0.2843126964290855,1,7,-7
4,xgb,0.558974358974359,0.2488034460575319,0.10572451159573348,1,7,-7
5,glmnet,0.5494736842105263,0.23906535848948632,14.649491130008148,1,7,-7
5,rf,0.511578947368421,0.25317441778273414,-0.05695748314777417,1,7,-7
5,xgb,0.5336842105263158,0.25439591597920325,0.09311130172156702,1,7,-7
1,glmnet,0.5703211517165006,0.21847593586519817,2.3396025072209348,1,7,-10
1,rf,0.5348837209302325,0.22948690226776378,-0.024443525279045,1,7,-10
1,xgb,0.4894795127353267,0.23514445741635104,0.01853514373256644,1,7,-10
2,glmnet,0.5627906976744186,0.23622906101291885,-0.3495573209093146,1,7,-10
2,rf,0.5011627906976744,0.22871828829935617,0.11239848879665496,1,7,-10
2,xgb,0.5488372093023256,0.24119421587843173,-0.11407599351875175,1,7,-10
3,glmnet,0.5,0.2204659265667051,NA,1,7,-10
3,rf,0.5758582502768549,0.22005661075723942,0.3433733233577618,1,7,-10
3,xgb,0.540420819490587,0.23082106979027756,0.1796976174333044,1,7,-10
4,glmnet,0.5575858250276855,0.22619481597242902,-1.0398495228068836,1,7,-10
4,rf,0.5016611295681063,0.2438950086864434,-0.14714380049951056,1,7,-10
4,xgb,0.5359911406423035,0.25246098413523915,-0.11641094668488441,1,7,-10
5,glmnet,0.5725359911406424,0.2141400379203594,0.9547368988273071,1,7,-10
5,rf,0.6190476190476191,0.21262628593247482,0.728554382814149,1,7,-10
5,xgb,0.6212624584717608,0.21467739252972706,0.6695895371858805,1,7,-10
1,glmnet,0.6502463054187192,0.24230978492141322,0.5188448507885461,2,7,0
1,rf,0.6364532019704433,0.2374646625658245,0.7288328491697594,2,7,0
1,xgb,0.6216748768472906,0.24807928604985668,0.420754934326162,2,7,0
2,glmnet,0.7275510204081632,0.21019626462856061,1.2374983267116035,2,7,0
2,rf,0.6510204081632653,0.22587837692394455,1.3198248863772815,2,7,0
2,xgb,0.6846938775510204,0.22032771477213084,1.097239086234167,2,7,0
3,glmnet,0.5773399014778325,0.2567185914838677,0.35417399639791125,2,7,0
3,rf,0.4886699507389163,0.2764486853644568,0.04964800462535524,2,7,0
3,xgb,0.5221674876847291,0.2904555730360986,0.01232737867063268,2,7,0
4,glmnet,0.81871921182266,0.1833757818235255,2.2449857140970737,2,7,0
4,rf,0.6935960591133005,0.22137951153495475,1.2093101619028217,2,7,0
4,xgb,0.7152709359605911,0.21378508245003033,1.1415207380412769,2,7,0
5,glmnet,0.587192118226601,0.2515603304744545,0.4448756238902402,2,7,0
5,rf,0.49359605911330046,0.2730421208936653,-0.03725038873560644,2,7,0
5,xgb,0.5103448275862069,0.2794966664743208,0.03968035987490027,2,7,0
1,glmnet,0.6655592469545958,0.20692119372246978,0.742608917151537,2,7,-5
1,rf,0.6566998892580288,0.20667608073424776,0.9082566466964103,2,7,-5
1,xgb,0.6434108527131783,0.21056920759332654,0.6735018067174889,2,7,-5
2,glmnet,0.654485049833887,0.2093336202201927,0.692521172729427,2,7,-5
2,rf,0.6500553709856035,0.20850895722516882,0.8257367424521284,2,7,-5
2,xgb,0.6611295681063123,0.2056471885257512,0.9027112837307615,2,7,-5
3,glmnet,0.6267441860465116,0.2088846888090324,0.6265984227623553,2,7,-5
3,rf,0.6453488372093024,0.20562274960016003,0.6733626222479396,2,7,-5
3,xgb,0.6441860465116279,0.20676702194250735,0.5849522526514312,2,7,-5
4,glmnet,0.7331118493909191,0.19241555857514897,0.844323931500718,2,7,-5
4,rf,0.6533776301218162,0.21096384102092477,0.7363466972650197,2,7,-5
4,xgb,0.6267995570321152,0.21857511120931716,0.46660603436912784,2,7,-5
5,glmnet,0.5686600221483943,0.2190220944826229,0.6424468886880725,2,7,-5
5,rf,0.6135105204872646,0.21752515900917535,0.632502899855938,2,7,-5
5,xgb,0.6201550387596899,0.2144457697447138,0.631850320007076,2,7,-5
1,glmnet,0.5894736842105263,0.2096951525197017,0.4462202737708942,2,7,-7
1,rf,0.5064327485380117,0.22522470216541948,-0.10508827359073987,2,7,-7
1,xgb,0.5157894736842106,0.231113247151428,-0.12202597452092964,2,7,-7
2,glmnet,0.5802469135802469,0.20897490864694654,0.46660484924875045,2,7,-7
2,rf,0.6271604938271605,0.19496668316710664,0.7670849499424982,2,7,-7
2,xgb,0.6382716049382716,0.19150462786867992,0.7886314097095173,2,7,-7
3,glmnet,0.5719298245614035,0.22599425004568113,0.26749526197529333,2,7,-7
3,rf,0.5169590643274854,0.23191844497041283,-0.002600518673740075,2,7,-7
3,xgb,0.49473684210526314,0.23696692581889917,0.07461884235516492,2,7,-7
4,glmnet,0.5675057208237986,0.20825169255589357,0.4663997625129229,2,7,-7
4,rf,0.5949656750572082,0.20014113753959695,0.5310262888982206,2,7,-7
4,xgb,0.6052631578947368,0.20533343557782693,0.44441978685493205,2,7,-7
5,glmnet,0.691358024691358,0.18859061184374068,1.0378254251679635,2,7,-7
5,rf,0.5604938271604938,0.2108215436447294,0.41136104120261646,2,7,-7
5,xgb,0.5333333333333333,0.219861725566425,0.19498009339434053,2,7,-7
1,glmnet,0.4388888888888889,0.1969955250731851,0.21137752740866864,2,7,-10
1,rf,0.5527777777777778,0.19052374052675666,0.32738867926454235,2,7,-10
1,xgb,0.4944444444444444,0.2140461649058185,-0.06846552826348398,2,7,-10
2,glmnet,0.6802721088435374,0.1673436458964121,1.0923944549901403,2,7,-10
2,rf,0.6272108843537415,0.17234703978636165,0.7129094430169081,2,7,-10
2,xgb,0.6489795918367347,0.16948694829220604,0.7793618802118635,2,7,-10
3,glmnet,0.5285714285714286,0.17937245778815358,0.6365044582921593,2,7,-10
3,rf,0.6925170068027211,0.16624917191120503,1.077655762722217,2,7,-10
3,xgb,0.5782312925170068,0.17904370851464002,0.31713229391191833,2,7,-10
4,glmnet,0.601360544217687,0.18361460290508816,0.4644659626016643,2,7,-10
4,rf,0.5523809523809523,0.19111845109350345,-0.11471110985753447,2,7,-10
4,xgb,0.5020408163265306,0.19164520933870216,0.1140091016265332,2,7,-10
5,glmnet,0.5741496598639455,0.17730289433581825,1.2255936472252025,2,7,-10
5,rf,0.5700680272108843,0.18606632101520407,-0.09750836674874498,2,7,-10
5,xgb,0.5863945578231292,0.1791442801601304,0.2682775387295906,2,7,-10
1,glmnet,0.5,0.23178475122613218,0.15268937145985823,3,7,0
1,rf,0.5302226935312832,0.236049965677689,0.20244769549487035,3,7,0
1,xgb,0.5514316012725344,0.23905565108307433,0.30446287962529806,3,7,0
2,glmnet,0.5387062566277837,0.23602854036762821,0.4233048525422575,3,7,0
2,rf,0.4517497348886532,0.2332230523763684,0.4213426536730571,3,7,0
2,xgb,0.5524920466595971,0.23979281791829984,0.2854789512975614,3,7,0
3,glmnet,0.6595970307529162,0.21397144587497366,0.8706083810654119,3,7,0
3,rf,0.47613997879109227,0.24114587197825474,0.16890231333143763,3,7,0
3,xgb,0.5546129374337222,0.24003336292333008,0.2580379384610939,3,7,0
4,glmnet,0.6606574761399788,0.2173219746872165,0.7900945908686018,3,7,0
4,rf,0.5143160127253447,0.25022952041610985,0.0024878772136493602,3,7,0
4,xgb,0.5291622481442206,0.24976997568923284,0.17897956339849988,3,7,0
5,glmnet,0.4847826086956522,0.25301272266653907,-0.05097123836456202,3,7,0
5,rf,0.49130434782608695,0.24760767210349593,0.17995260555246087,3,7,0
5,xgb,0.5043478260869565,0.2607984777384056,0.01696010007025,3,7,0
1,glmnet,0.6129032258064516,0.23957916152175632,0.8153675638153239,3,7,-5
1,rf,0.6686217008797654,0.23227927099577547,1.3091651012037366,3,7,-5
1,xgb,0.6480938416422287,0.2278802511685117,1.1162943443959896,3,7,-5
2,glmnet,0.591796875,0.2452170651085209,0.5935959211402155,3,7,-5
2,rf,0.548828125,0.2623489912563445,0.14665215083828345,3,7,-5
2,xgb,0.6279296875,0.24167622683540887,0.6040099708955579,3,7,-5
3,glmnet,0.65625,0.2336685668811353,0.967566694916449,3,7,-5
3,rf,0.521484375,0.27345404944691926,-0.08738087103298975,3,7,-5
3,xgb,0.53125,0.2723575570466398,0.10718626642165266,3,7,-5
4,glmnet,0.6142578125,0.24438308145602552,0.5512661352607827,3,7,-5
4,rf,0.62109375,0.2407818550683368,0.7131290858535693,3,7,-5
4,xgb,0.6142578125,0.24682386248969035,0.4913037535093169,3,7,-5
5,glmnet,0.5514112903225806,0.2564675042524086,0.3336406765730207,3,7,-5
5,rf,0.5433467741935484,0.26094543749980914,0.1558185252061923,3,7,-5
5,xgb,0.5816532258064516,0.2639529257437385,0.24966054620081798,3,7,-5
1,glmnet,0.6389452332657201,0.23421340020010942,1.173570027166258,3,7,-7
1,rf,0.6389452332657201,0.23775980576321487,0.7919796026851034,3,7,-7
1,xgb,0.6754563894523327,0.23266935695528593,0.729664068259181,3,7,-7
2,glmnet,0.628095238095238,0.23965183648553143,2.275576408878499,3,7,-7
2,rf,0.5619047619047619,0.2507540696263512,0.4331958879339135,3,7,-7
2,xgb,0.5647619047619048,0.2591957284520327,0.3086110139269733,3,7,-7
3,glmnet,0.5375253549695741,0.25512033848422605,0.2722877825462266,3,7,-7
3,rf,0.5486815415821501,0.2580190327251699,0.14642368620380752,3,7,-7
3,xgb,0.5699797160243408,0.24986353785911952,0.3775113842349686,3,7,-7
4,glmnet,0.5205882352941177,0.2582005503696664,0.12653018472583186,3,7,-7
4,rf,0.5,0.27383442598702795,-0.04615078810349305,3,7,-7
4,xgb,0.5,0.28638761206486263,-0.13218549955305142,3,7,-7
5,glmnet,0.6620689655172414,0.22947554293706415,0.868227913732199,3,7,-7
5,rf,0.5793103448275863,0.25379177232845357,0.3189685890419914,3,7,-7
5,xgb,0.58128078817734,0.2590355284525792,0.2989654714920623,3,7,-7
1,glmnet,0.6746794871794871,0.22909843404152097,4.418195295955168,3,7,-10
1,rf,0.6901709401709402,0.2131720766473877,1.262849324884123,3,7,-10
1,xgb,0.7040598290598291,0.20643421216844632,1.549680479991021,3,7,-10
2,glmnet,0.49641025641025643,0.2438707597319904,-0.22627230084603991,3,7,-10
2,rf,0.5117948717948718,0.254166806651844,-0.008555859031977787,3,7,-10
2,xgb,0.5353846153846153,0.2527463888293187,0.19231356616769177,3,7,-10
3,glmnet,0.5466666666666666,0.2614164234699738,0.19072659420161356,3,7,-10
3,rf,0.6317948717948718,0.2285624466080384,0.687520652761434,3,7,-10
3,xgb,0.6041025641025641,0.24065895651305466,0.40669621106198495,3,7,-10
4,glmnet,0.641025641025641,0.23196060681533273,1.592119933909088,3,7,-10
4,rf,0.5169230769230769,0.24694738722753853,0.09158599851498554,3,7,-10
4,xgb,0.5292307692307692,0.2527279520564658,0.026424242785444117,3,7,-10
5,glmnet,0.5579487179487179,0.25959289204921737,-0.26479892347691975,3,7,-10
5,rf,0.5087179487179487,0.2653829027414626,-0.08627657628095566,3,7,-10
5,xgb,0.5210256410256411,0.2794908373374607,-0.11853327546133167,3,7,-10
1,glmnet,0.672008547008547,0.22461567729866977,0.5979171204493258,4,7,0
1,rf,0.6816239316239316,0.21623462346554895,0.8693239492553847,4,7,0
1,xgb,0.657051282051282,0.22688669964610916,0.563988806660291,4,7,0
2,glmnet,0.6875,0.20999244775916523,0.7232705236972655,4,7,0
2,rf,0.6416666666666667,0.2200712411360332,0.6597915538253686,4,7,0
2,xgb,0.678125,0.21352023154006314,0.6297644893461856,4,7,0
3,glmnet,0.7502564102564102,0.20069712340402485,2.384844794345277,4,7,0
3,rf,0.6820512820512821,0.22029304634672178,0.9365880729361389,4,7,0
3,xgb,0.7076923076923077,0.2125513895450191,0.960248563914124,4,7,0
4,glmnet,0.6861538461538461,0.2186853813887653,2.681516709912184,4,7,0
4,rf,0.718974358974359,0.20707910723010645,1.0495074910694633,4,7,0
4,xgb,0.7641025641025642,0.18826086200412154,1.3006045122277172,4,7,0
5,glmnet,0.7536458333333333,0.210665093877765,1.1560970257211567,4,7,0
5,rf,0.65625,0.22758048508482012,0.6704066869877247,4,7,0
5,xgb,0.696875,0.22144352562206243,0.6947680573311831,4,7,0
1,glmnet,0.71630859375,0.21047794188698715,1.8183128840313607,4,7,-5
1,rf,0.67578125,0.2257238953484486,0.8500132637742996,4,7,-5
1,xgb,0.681640625,0.22256060122848098,0.8130925894479148,4,7,-5
2,glmnet,0.7061491935483871,0.2123814172730393,1.7496024430852943,4,7,-5
2,rf,0.6713709677419355,0.22614811342907448,0.8515191443627359,4,7,-5
2,xgb,0.6784274193548387,0.22811979359501158,0.7474933609555624,4,7,-5
3,glmnet,0.65625,0.229970285911412,1.806272403729982,4,7,-5
3,rf,0.6904296875,0.22482759788853893,0.9183092488543042,4,7,-5
3,xgb,0.60546875,0.25430517715247897,0.4185258869024222,4,7,-5
4,glmnet,0.62158203125,0.24999194322404839,0.4876669224651634,4,7,-5
4,rf,0.595703125,0.2588697357509288,0.3394244439958602,4,7,-5
4,xgb,0.5947265625,0.2658729716436335,0.31702385613315276,4,7,-5
5,glmnet,0.7275390625,0.21183754186335418,1.0066530069759296,4,7,-5
5,rf,0.7900390625,0.1991608567239752,1.6997890709368606,4,7,-5
5,xgb,0.744140625,0.20821964065539628,1.0632582830222208,4,7,-5
1,glmnet,0.7656565656565657,0.2079974955729024,1.5183073138152565,4,7,-7
1,rf,0.7595959595959596,0.2183184066477962,1.1236345547716702,4,7,-7
1,xgb,0.7222222222222222,0.2299554917751277,0.8412005293535636,4,7,-7
2,glmnet,0.6285578747628083,0.23172567703520658,0.7998514730425611,4,7,-7
2,rf,0.5939278937381404,0.2579933939993987,0.35215003949705975,4,7,-7
2,xgb,0.5958254269449715,0.2652494738233571,0.3202646551529804,4,7,-7
3,glmnet,0.7725490196078432,0.19523001871235063,1.4171212193867635,4,7,-7
3,rf,0.7666666666666667,0.20350389515138262,1.6912343519221078,4,7,-7
3,xgb,0.7617647058823529,0.19863921984106908,1.2774603997479062,4,7,-7
4,glmnet,0.6313725490196078,0.23263961004523045,1.2624343686531327,4,7,-7
4,rf,0.7401960784313726,0.20730236116744752,1.1101789097827335,4,7,-7
4,xgb,0.7009803921568627,0.22470895033573315,0.712797632189905,4,7,-7
5,glmnet,0.6515151515151515,0.23690264943669395,0.5934741431573428,4,7,-7
5,rf,0.6757575757575758,0.22544535093735002,0.8728939992884799,4,7,-7
5,xgb,0.698989898989899,0.21923198412649708,0.8380912246459641,4,7,-7
1,glmnet,0.6850198412698413,0.21170108482352004,0.9239755543020797,4,7,-10
1,rf,0.7132936507936508,0.21824144415485544,0.9215792364689677,4,7,-10
1,xgb,0.7132936507936508,0.21785081899676825,0.7871954400346858,4,7,-10
2,glmnet,0.6714285714285715,0.21988813702645582,1.350981135150458,4,7,-10
2,rf,0.7071428571428572,0.21872722830436167,0.7348688192867185,4,7,-10
2,xgb,0.7387755102040816,0.21655682377646632,0.658148698030263,4,7,-10
3,glmnet,0.7785714285714285,0.2010264793530113,2.9718945631646556,4,7,-10
3,rf,0.7928571428571428,0.19035572562705633,1.3340148186192415,4,7,-10
3,xgb,0.8255102040816327,0.1763080210404454,1.384469077095853,4,7,-10
4,glmnet,0.7021072796934865,0.2087133916340376,0.9122837989005553,4,7,-10
4,rf,0.7222222222222222,0.216093351221494,0.8159048493478833,4,7,-10
4,xgb,0.7365900383141762,0.21027199677511005,0.7580379376012653,4,7,-10
5,glmnet,0.7078817733990147,0.2128408380671809,1.8150529897199623,4,7,-10
5,rf,0.7261083743842365,0.20788968383378453,0.9592493204033938,4,7,-10
5,xgb,0.716256157635468,0.20879448550563748,0.8035914243006707,4,7,-10
1,glmnet,0.611328125,0.24721361573482442,0.4843553082964882,5,7,0
1,rf,0.6435546875,0.23444394377497157,0.7994534909066795,5,7,0
1,xgb,0.640625,0.23582462341442356,0.683988713969368,5,7,0
2,glmnet,0.654296875,0.22923250840423512,0.8898396415919304,5,7,0
2,rf,0.6416015625,0.2376709630326047,0.7021112726338042,5,7,0
2,xgb,0.6396484375,0.23976498942796545,0.5624183046366075,5,7,0
3,glmnet,0.6484375,0.2391880056859662,0.5808961817051611,5,7,0
3,rf,0.6640625,0.226666036036976,1.1325401257136447,5,7,0
3,xgb,0.666015625,0.23183938100313203,0.7273596861046026,5,7,0
4,glmnet,0.5604838709677419,0.2485779942148559,1.2551936240405137,5,7,0
4,rf,0.5645161290322581,0.25465082539856115,0.3929084006702074,5,7,0
4,xgb,0.5655241935483871,0.2573774480443185,0.3888158737739858,5,7,0
5,glmnet,0.53857421875,0.24893907531878703,1.2880656127667243,5,7,0
5,rf,0.5419921875,0.2611617469864875,0.2841604999664403,5,7,0
5,xgb,0.5556640625,0.2636325142790852,0.2536156312928559,5,7,0
1,glmnet,0.5657596371882085,0.23418637385957078,-0.22230774872547313,5,7,-5
1,rf,0.4965986394557823,0.24013369014237063,0.08657218499960863,5,7,-5
1,xgb,0.5192743764172335,0.2495139673223093,0.0917063111257219,5,7,-5
2,glmnet,0.6060606060606061,0.23721003306789723,0.35156787765423836,5,7,-5
2,rf,0.5627705627705628,0.2302355379861912,0.37500591853787857,5,7,-5
2,xgb,0.5952380952380952,0.22571788583607538,0.4785422523838321,5,7,-5
3,glmnet,0.6266233766233766,0.21353744703000585,0.9788619867782888,5,7,-5
3,rf,0.6233766233766234,0.21877241444682366,0.8750067128821215,5,7,-5
3,xgb,0.6558441558441559,0.21312054571690986,1.001301209063021,5,7,-5
4,glmnet,0.6320346320346321,0.21387721300216891,0.936980423326211,5,7,-5
4,rf,0.5768398268398268,0.22283837160535447,0.64567444829887,5,7,-5
4,xgb,0.6255411255411255,0.21535686389308362,0.7088248446607938,5,7,-5
5,glmnet,0.6331168831168831,0.21234069639148961,0.9892343185072362,5,7,-5
5,rf,0.6937229437229437,0.20066952603672283,1.8967581462597616,5,7,-5
5,xgb,0.6233766233766234,0.21440128630284472,0.7445832745139451,5,7,-5
1,glmnet,0.62,0.19841410331913592,1.3011328865969742,5,7,-7
1,rf,0.5688888888888889,0.20861529500241552,0.7989273901380405,5,7,-7
1,xgb,0.6277777777777778,0.2034371667975726,0.8231544665683657,5,7,-7
2,glmnet,0.5478468899521531,0.22232693075980095,0.2238102133187716,5,7,-7
2,rf,0.5442583732057416,0.21611900084348648,0.3265596315848791,5,7,-7
2,xgb,0.5,0.22721416608949868,0.05779338606880266,5,7,-7
3,glmnet,0.6,0.22309874058763451,0.3600190590265989,5,7,-7
3,rf,0.5931818181818181,0.21917346173718488,0.38642000555566547,5,7,-7
3,xgb,0.6147727272727272,0.22463498040612795,0.30568520069695443,5,7,-7
4,glmnet,0.5992822966507176,0.20916079038870686,0.5635797127936861,5,7,-7
4,rf,0.5442583732057416,0.21751667899761645,0.29794643938404974,5,7,-7
4,xgb,0.5263157894736842,0.22109321892186787,0.23559435173698273,5,7,-7
5,glmnet,0.5801136363636363,0.2124512205720967,2.964821243502722,5,7,-7
5,rf,0.6806818181818182,0.19845035105487302,1.3784543641582152,5,7,-7
5,xgb,0.5431818181818182,0.21712086968409336,0.4386653978806191,5,7,-7
1,glmnet,0.6245306633291614,0.1872763262355609,1.391192673327728,5,7,-10
1,rf,0.5957446808510638,0.19464357358849457,0.5620457440164529,5,7,-10
1,xgb,0.5306633291614519,0.2032815956470499,0.25157539401626366,5,7,-10
2,glmnet,0.5031289111389237,0.19903354236784263,0.13259967483163487,5,7,-10
2,rf,0.5193992490613266,0.2119252345799348,-0.12059979380955506,5,7,-10
2,xgb,0.5356695869837297,0.20251208158298586,0.1468742569056464,5,7,-10
3,glmnet,0.5481852315394242,0.1995995986872069,0.3069099292992596,5,7,-10
3,rf,0.4993742177722153,0.20602148053608235,0.13972685350152894,5,7,-10
3,xgb,0.5506883604505632,0.19980141680050473,0.3638614031438839,5,7,-10
4,glmnet,0.5807291666666666,0.18685442982717448,0.7309659921026919,5,7,-10
4,rf,0.50390625,0.2020171428226352,-0.09804189133858666,5,7,-10
4,xgb,0.48958333333333337,0.21486967997606746,-0.12060641299233638,5,7,-10
5,glmnet,0.6077127659574468,0.18358089872926067,0.8364178456539798,5,7,-10
5,rf,0.6143617021276596,0.1892103222169217,0.6324012635600256,5,7,-10
5,xgb,0.5452127659574468,0.20279615777400595,0.2508333849226117,5,7,-10
1,glmnet,0.7217217217217217,0.21360980445438033,1.0704155311267247,6,7,0
1,rf,0.6956956956956957,0.22145593159213156,0.9620250089837183,6,7,0
1,xgb,0.6956956956956957,0.22118796883883665,0.7596724313614601,6,7,0
2,glmnet,0.6056056056056056,0.23743245118732362,0.6007273994979191,6,7,0
2,rf,0.5505505505505506,0.259285782336825,0.1683621164096346,6,7,0
2,xgb,0.5755755755755756,0.25562494821830123,0.26791988161253444,6,7,0
3,glmnet,0.5975975975975976,0.24012007708767838,0.5829401257840219,6,7,0
3,rf,0.6466466466466466,0.23050168867145324,0.7743654607824954,6,7,0
3,xgb,0.6656656656656657,0.2235347522688852,0.845601048758314,6,7,0
4,glmnet,0.7155870445344129,0.20923486521321993,1.7601396167439456,6,7,0
4,rf,0.5799595141700404,0.24357115647075286,0.37531195452247074,6,7,0
4,xgb,0.5931174089068826,0.24517863942838686,0.3776872324256855,6,7,0
5,glmnet,0.4802494802494803,0.26670190058349197,0.1101096204071509,6,7,0
5,rf,0.5270270270270271,0.2721876849683889,-0.0032851172692287887,6,7,0
5,xgb,0.4553014553014553,0.262666663361093,0.20604319734219484,6,7,0
1,glmnet,0.5555555555555556,0.20028041766032031,0.918591340682825,6,7,-5
1,rf,0.5543478260869565,0.20875937073352507,0.3832460387594782,6,7,-5
1,xgb,0.5881642512077294,0.20615545390111217,0.4423793476943322,6,7,-5
2,glmnet,0.6898976982097187,0.19139409839506097,5.319006860925385,6,7,-5
2,rf,0.6560102301790282,0.18219886732410642,1.1004907303689495,6,7,-5
2,xgb,0.6560102301790282,0.19116463577352533,0.7677205572238509,6,7,-5
3,glmnet,0.5369211514392991,0.22218222157379133,-0.12983294325400507,6,7,-5
3,rf,0.5306633291614519,0.20339598562261835,0.28910067336177603,6,7,-5
3,xgb,0.5131414267834794,0.21672779137982295,0.14937136608894672,6,7,-5
4,glmnet,0.5944931163954944,0.1902231665805655,2.4072840373328424,6,7,-5
4,rf,0.6758448060075094,0.17787907192348418,0.9559338909234998,6,7,-5
4,xgb,0.6370463078848561,0.18798981612332843,0.5304570021064324,6,7,-5
5,glmnet,0.5319148936170213,0.19798328334507478,0.3259217264676315,6,7,-5
5,rf,0.5869837296620776,0.1995824930547778,0.391722869648186,6,7,-5
5,xgb,0.620775969962453,0.1950744481844578,0.5078572485820899,6,7,-5
1,glmnet,0.5510204081632653,0.18149018356332272,0.553860244164126,6,7,-7
1,rf,0.6680272108843538,0.17337851998944995,0.7634846344321886,6,7,-7
1,xgb,0.6040816326530613,0.18948208814236336,0.40017411038666006,6,7,-7
2,glmnet,0.5013888888888889,0.18165125980226682,0.39876699791668063,6,7,-7
2,rf,0.5125,0.19406521328499657,-0.1471536309096593,6,7,-7
2,xgb,0.475,0.19604809341272647,-0.14249591399005765,6,7,-7
3,glmnet,0.6244897959183674,0.1759938189452884,3.286719556310287,6,7,-7
3,rf,0.6312925170068027,0.17660535668691935,0.7697411070379806,6,7,-7
3,xgb,0.672108843537415,0.16803459046845542,1.0253317317208315,6,7,-7
4,glmnet,0.5585034013605442,0.17810359219043753,1.1075776349545376,6,7,-7
4,rf,0.5537414965986395,0.1923459873242431,0.23037143383756253,6,7,-7
4,xgb,0.5877551020408164,0.18720665659143143,0.2863421922722856,6,7,-7
5,glmnet,0.6517006802721088,0.1753042992716522,4.236637769930575,6,7,-7
5,rf,0.7047619047619048,0.16545179810207303,1.2238568163658825,6,7,-7
5,xgb,0.6938775510204082,0.16471857826388933,1.0706416292353693,6,7,-7
1,glmnet,0.7447552447552448,0.1377365525685782,4.866116226127039,6,7,-10
1,rf,0.7097902097902098,0.13575518829977637,1.0684786837734803,6,7,-10
1,xgb,0.7237762237762237,0.1385345072190476,0.9551335900021689,6,7,-10
2,glmnet,0.6346153846153847,0.14853902124765703,1.7209190463959099,6,7,-10
2,rf,0.6394230769230769,0.15316745506543533,0.5815672828411665,6,7,-10
2,xgb,0.6810897435897436,0.1456087366959602,0.6583507778357653,6,7,-10
3,glmnet,0.624198717948718,0.14758739450871936,1.3870201132373272,6,7,-10
3,rf,0.6842948717948718,0.14739728587779447,0.8195419753311394,6,7,-10
3,xgb,0.6714743589743589,0.15009552726652575,0.6529296643420152,6,7,-10
4,glmnet,0.6410256410256411,0.15243735369300246,0.6477144835528255,6,7,-10
4,rf,0.5240384615384616,0.16067641770777735,0.09918290513008622,6,7,-10
4,xgb,0.5961538461538461,0.15430292241318871,0.4239264081558243,6,7,-10
5,glmnet,0.4967948717948718,0.17150517915168764,0.08832561920459119,6,7,-10
5,rf,0.6330128205128206,0.15316021312710087,0.5525426928218182,6,7,-10
5,xgb,0.6137820512820513,0.16335273892469893,0.358351437571257,6,7,-10
1,glmnet,0.7878787878787878,0.1875136054603284,2.439144151233002,7,7,0
1,rf,0.7261904761904762,0.1979984423724815,0.9924868836492569,7,7,0
1,xgb,0.7218614718614719,0.20484925567950366,0.740121074572332,7,7,0
2,glmnet,0.7543290043290043,0.18745476297674557,1.1899251146235774,7,7,0
2,rf,0.7283549783549783,0.19115988938280765,1.2295039205476732,7,7,0
2,xgb,0.7088744588744589,0.20163002606866282,0.851892638642347,7,7,0
3,glmnet,0.7437641723356009,0.20925781726811654,4.889113058157463,7,7,0
3,rf,0.6598639455782312,0.21330226561103482,0.6088587833841302,7,7,0
3,xgb,0.6848072562358276,0.21250280595643198,0.5831764885546071,7,7,0
4,glmnet,0.6915584415584416,0.20344065439382975,0.815554621539434,7,7,0
4,rf,0.6764069264069265,0.20974580192820988,0.7305114033338921,7,7,0
4,xgb,0.6266233766233766,0.23247190696226172,0.3804168205180498,7,7,0
5,glmnet,0.6309523809523809,0.2117317302730939,0.685203853469769,7,7,0
5,rf,0.6872294372294372,0.2059715296424136,0.9376638272654311,7,7,0
5,xgb,0.672077922077922,0.20753989657213973,0.7875380606533073,7,7,0
1,glmnet,0.6920000000000001,0.1697292531206409,0.5521789554356389,7,7,-5
1,rf,0.6333333333333333,0.1756849599343608,0.6537642674596729,7,7,-5
1,xgb,0.6719999999999999,0.1770048302464442,0.5905825401834266,7,7,-5
2,glmnet,0.7886297376093294,0.14156547564547342,1.5580404642053163,7,7,-5
2,rf,0.6763848396501457,0.15764583178479605,1.1214744359221198,7,7,-5
2,xgb,0.685131195335277,0.15974914911009325,0.866926338381707,7,7,-5
3,glmnet,0.7128279883381924,0.14937050816115743,0.6820501664983752,7,7,-5
3,rf,0.6443148688046647,0.17058004201723198,0.48463485154021885,7,7,-5
3,xgb,0.6355685131195336,0.1705031841060835,0.4312479412203158,7,7,-5
4,glmnet,0.6013333333333334,0.17863303373428976,0.5355696005581361,7,7,-5
4,rf,0.6813333333333333,0.17190852118652492,0.777542325145118,7,7,-5
4,xgb,0.6826666666666666,0.1808480101245348,0.6203050568783481,7,7,-5
5,glmnet,0.8513119533527697,0.12777933495985822,1.2588918873645065,7,7,-5
5,rf,0.6909620991253644,0.15400584921255736,0.8043700645034461,7,7,-5
5,xgb,0.7448979591836734,0.14554941812307956,0.9668400412050662,7,7,-5
1,glmnet,0.5972850678733032,0.1633938911710639,0.4023925475051626,7,7,-7
1,rf,0.6349924585218703,0.16381614135933217,0.4821146260386767,7,7,-7
1,xgb,0.6244343891402715,0.1695135205039242,0.3911217608553849,7,7,-7
2,glmnet,0.7581699346405228,0.12949248300062344,1.0785693355092811,7,7,-7
2,rf,0.7271241830065359,0.13582612295474852,1.069105176457639,7,7,-7
2,xgb,0.7336601307189542,0.13125592163504796,1.1669177993979336,7,7,-7
3,glmnet,0.6530920060331825,0.1469968735250554,0.7824222109992265,7,7,-7
3,rf,0.6696832579185521,0.1530390504520411,0.7817583626682802,7,7,-7
3,xgb,0.6681749622926093,0.1590200690517626,0.5463850849255568,7,7,-7
4,glmnet,0.7073906485671192,0.14727863904397973,0.6412470675964095,7,7,-7
4,rf,0.4253393665158371,0.17227082285511913,0.27487149500185426,7,7,-7
4,xgb,0.6500754147812972,0.16249589229958217,0.5203357604193275,7,7,-7
5,glmnet,0.8129713423831071,0.14338941674513664,3.763013225652669,7,7,-7
5,rf,0.6742081447963801,0.1495443895681738,0.8304080087689493,7,7,-7
5,xgb,0.7239819004524887,0.13982530264230258,1.0314113527619102,7,7,-7
1,glmnet,0.6259259259259259,0.12809739876157789,2.080461099821662,7,7,-10
1,rf,0.5537037037037037,0.1364201550515624,0.3947124354784987,7,7,-10
1,xgb,0.638888888888889,0.12755376839133248,0.6084255357652688,7,7,-10
2,glmnet,0.7325102880658436,0.11034451715102754,1.1202992805983616,7,7,-10
2,rf,0.6481481481481481,0.1257969672683313,0.5532630642055592,7,7,-10
2,xgb,0.6831275720164609,0.12396342063461252,0.6199438094669351,7,7,-10
3,glmnet,0.7666666666666667,0.11782795933278188,1.5428956209738733,7,7,-10
3,rf,0.7277777777777777,0.12151254854255843,1.2721251615010434,7,7,-10
3,xgb,0.812962962962963,0.10830063878576429,1.6236485803016902,7,7,-10
4,glmnet,0.5666666666666667,0.1397715631314498,0.269049229817773,7,7,-10
4,rf,0.6203703703703703,0.13196706165596836,0.4716935427169097,7,7,-10
4,xgb,0.6444444444444445,0.13305432512723508,0.48362832950227974,7,7,-10
5,glmnet,0.712962962962963,0.11862703790932957,1.0360864086662784,7,7,-10
5,rf,0.7648148148148148,0.11123331481148085,1.0677436968816139,7,7,-10
5,xgb,0.7796296296296297,0.10822708124709307,1.0360000226032757,7,7,-10
1,glmnet,0.6167487684729064,0.23516501003673204,0.834230316194655,8,7,0
1,rf,0.4610837438423645,0.25739109629533047,0.27336129872926096,8,7,0
1,xgb,0.6019704433497537,0.24499922624784856,0.5696211886761761,8,7,0
2,glmnet,0.5241379310344828,0.28498253921525735,-0.2212317325320577,8,7,0
2,rf,0.4807881773399015,0.265163814955667,0.13021437324095375,8,7,0
2,xgb,0.5714285714285714,0.2573839814820814,0.3470340194545062,8,7,0
3,glmnet,0.6843137254901961,0.22608419146014003,1.5089453052202173,8,7,0
3,rf,0.6078431372549019,0.24710056910183265,0.4754462349000228,8,7,0
3,xgb,0.6568627450980392,0.23509365916311198,0.6130905256676337,8,7,0
4,glmnet,0.7270935960591133,0.21003159078655928,1.412484596547986,8,7,0
4,rf,0.7408866995073892,0.21117871830276247,1.83066317956656,8,7,0
4,xgb,0.7566502463054188,0.20422261776765793,1.4808638621106383,8,7,0
5,glmnet,0.5294117647058824,0.2942806824394312,-0.05743829873395948,8,7,0
5,rf,0.5750507099391481,0.2548535003395769,0.32683095846320404,8,7,0
5,xgb,0.5578093306288032,0.2701657090388625,0.18690071601703767,8,7,0
1,glmnet,0.5291666666666667,0.25139746509664607,0.167816426262293,8,7,-5
1,rf,0.5666666666666667,0.2432024765710686,0.26490879251218796,8,7,-5
1,xgb,0.578125,0.24402609280706195,0.3416262559415136,8,7,-5
2,glmnet,0.5604166666666667,0.23396011864169525,0.5008221105850725,8,7,-5
2,rf,0.625,0.22535411625972743,0.7432236969314289,8,7,-5
2,xgb,0.6385416666666667,0.22402944142829323,0.6194123731483476,8,7,-5
3,glmnet,0.6452991452991453,0.21709279728786685,1.0576541008841236,8,7,-5
3,rf,0.5192307692307693,0.24031498793574607,0.3328332095396507,8,7,-5
3,xgb,0.5811965811965812,0.2362109708636204,0.49475304367765466,8,7,-5
4,glmnet,0.5950854700854701,0.23077946007180708,2.292301928367753,8,7,-5
4,rf,0.545940170940171,0.23394173018881245,0.518842967501951,8,7,-5
4,xgb,0.5747863247863247,0.23517682369101778,0.5152813750781927,8,7,-5
5,glmnet,0.581,0.23267093276630857,0.5718702259605235,8,7,-5
5,rf,0.657,0.22212834873463574,0.7202629069384693,8,7,-5
5,xgb,0.6809999999999999,0.21451230311032568,0.898188074891703,8,7,-5
1,glmnet,0.7294372294372294,0.2004389082710587,1.4237660878281881,8,7,-7
1,rf,0.6277056277056278,0.21918943325013326,0.8008834629714215,8,7,-7
1,xgb,0.6677489177489178,0.21595040132887616,0.7955164550957112,8,7,-7
2,glmnet,0.6122448979591837,0.2315509358981833,0.39810704326002666,8,7,-7
2,rf,0.6065759637188208,0.22650491417488944,0.36299800260264475,8,7,-7
2,xgb,0.6326530612244897,0.2255047612779166,0.40911339904420796,8,7,-7
3,glmnet,0.6109936575052854,0.22468097465490727,0.4987157156995394,8,7,-7
3,rf,0.6849894291754757,0.20575210181804576,0.9155804555615285,8,7,-7
3,xgb,0.7135306553911205,0.19750235185073675,0.8815824897688496,8,7,-7
4,glmnet,0.7164502164502164,0.19357932979054668,1.5841211579778665,8,7,-7
4,rf,0.6439393939393939,0.21467632948175486,0.662936180461806,8,7,-7
4,xgb,0.6341991341991342,0.2122827194089534,0.708396964687613,8,7,-7
5,glmnet,0.6938775510204082,0.20022706283554104,1.5842126215675592,8,7,-7
5,rf,0.5895691609977324,0.21753526836633685,0.6188060828549222,8,7,-7
5,xgb,0.5929705215419501,0.21647505372905249,0.6222133682715082,8,7,-7
1,glmnet,0.6733416770963704,0.18098781789594157,0.9534881071389012,8,7,-10
1,rf,0.6608260325406758,0.1831004546246424,1.0019081681297042,8,7,-10
1,xgb,0.6996245306633292,0.17097855713345053,1.0269011286411602,8,7,-10
2,glmnet,0.5819774718397998,0.2041678583384795,0.29278722355041853,8,7,-10
2,rf,0.4918648310387985,0.21660880101322735,-0.04818350742969964,8,7,-10
2,xgb,0.5481852315394242,0.21369284995472643,0.1772241022777311,8,7,-10
3,glmnet,0.578005115089514,0.21228821175961773,0.08303143240355314,8,7,-10
3,rf,0.5051150895140665,0.21395611548022703,-0.08459878362987458,8,7,-10
3,xgb,0.510230179028133,0.22311884470466173,-0.10537356456990947,8,7,-10
4,glmnet,0.6770963704630788,0.17183869017587783,1.0019079724292423,8,7,-10
4,rf,0.6695869837296621,0.18698494463451729,0.8119532766952147,8,7,-10
4,xgb,0.6846057571964956,0.19001310453681408,0.7202673162445926,8,7,-10
5,glmnet,0.7777777777777778,0.1708976517764437,1.0537653241164686,8,7,-10
5,rf,0.7198067632850241,0.1858766767265917,1.0173411534737522,8,7,-10
5,xgb,0.6799516908212561,0.18735702276169347,0.795028130304109,8,7,-10
1,glmnet,0.7089397089397089,0.2108493531363866,1.1383374424035408,9,7,0
1,rf,0.5478170478170479,0.25337879149260306,0.1971106566214227,9,7,0
1,xgb,0.46673596673596673,0.26184383210594914,0.17731052774465053,9,7,0
2,glmnet,0.6639676113360324,0.221360521822127,0.869419653085611,9,7,0
2,rf,0.5991902834008097,0.23798595800367245,0.5604097640184704,9,7,0
2,xgb,0.5789473684210527,0.2500024514757173,0.3551363825901237,9,7,0
3,glmnet,0.6740890688259109,0.22401381172908277,1.573154066260984,9,7,0
3,rf,0.701417004048583,0.20932805455218342,1.2057651260646556,9,7,0
3,xgb,0.708502024291498,0.21383430838610074,0.9149423713591543,9,7,0
4,glmnet,0.6285425101214575,0.2332236124918395,0.6002884775716815,9,7,0
4,rf,0.6831983805668016,0.2214454760107068,0.9251734241846585,9,7,0
4,xgb,0.6447368421052632,0.23528587543682605,0.49864329842989347,9,7,0
5,glmnet,0.597165991902834,0.23546558600822942,0.5391748194020731,9,7,0
5,rf,0.6417004048582996,0.22462997393101183,0.8105514585351111,9,7,0
5,xgb,0.6831983805668016,0.22048018152449095,0.6816685374333675,9,7,0
1,glmnet,0.5833333333333333,0.20776376949504574,0.37235448117444075,9,7,-5
1,rf,0.5809178743961353,0.21452855700643325,0.3144822913078264,9,7,-5
1,xgb,0.6159420289855072,0.2080676374865978,0.3749932609267132,9,7,-5
2,glmnet,0.7028985507246377,0.17736656959827937,1.0575150809526839,9,7,-5
2,rf,0.6654589371980676,0.1847116575324177,1.0716298760065166,9,7,-5
2,xgb,0.6811594202898551,0.18202118306346535,0.978785314531313,9,7,-5
3,glmnet,0.6618357487922706,0.1881395065090822,0.844809961170417,9,7,-5
3,rf,0.6702898550724637,0.1886407259772988,1.15040197966314,9,7,-5
3,xgb,0.5929951690821256,0.20127767835096416,0.5625225056172976,9,7,-5
4,glmnet,0.6497584541062802,0.1983748806007266,0.5675152235475592,9,7,-5
4,rf,0.6630434782608696,0.18808780760552765,0.9738316777658513,9,7,-5
4,xgb,0.6159420289855072,0.19773741580325016,0.5320209899531245,9,7,-5
5,glmnet,0.6481481481481481,0.19648536690471421,0.6125450320536928,9,7,-5
5,rf,0.5790123456790124,0.21744748939549885,0.22184187914666312,9,7,-5
5,xgb,0.5901234567901235,0.21862883729331625,0.2144778464738957,9,7,-5
1,glmnet,0.4530663329161452,0.20541157165106944,0.2810854808041935,9,7,-7
1,rf,0.7121401752190238,0.17830791052902087,1.225451495968783,9,7,-7
1,xgb,0.653316645807259,0.18941422809031072,0.5730334486092081,9,7,-7
2,glmnet,0.7220744680851063,0.16554491635286497,1.1738283989540452,9,7,-7
2,rf,0.785904255319149,0.15895437868929863,1.902231602251296,9,7,-7
2,xgb,0.7539893617021277,0.16282689315060658,1.168570475833347,9,7,-7
3,glmnet,0.6289893617021277,0.1891869755204292,0.6394073849119623,9,7,-7
3,rf,0.5585106382978724,0.2253046058518505,-0.24255355933593306,9,7,-7
3,xgb,0.5093085106382979,0.22381917905482746,-0.07267577448989047,9,7,-7
4,glmnet,0.5968137254901961,0.19827015904147444,0.4329110012096215,9,7,-7
4,rf,0.5723039215686274,0.19605202787192808,0.44426505034134844,9,7,-7
4,xgb,0.5698529411764706,0.20518453141566043,0.28885768602680595,9,7,-7
5,glmnet,0.6545682102628285,0.18118838746823673,0.6704181710964351,9,7,-7
5,rf,0.5757196495619524,0.19616651412585856,0.47418734845648824,9,7,-7
5,xgb,0.5894868585732165,0.19387251964876412,0.4487782461642215,9,7,-7
1,glmnet,0.5876923076923077,0.16725635789267562,0.32892927928504334,9,7,-10
1,rf,0.6861538461538462,0.15047891940881203,1.1799404184648274,9,7,-10
1,xgb,0.6507692307692308,0.15903696297361017,0.686745801155363,9,7,-10
2,glmnet,0.7307692307692307,0.1608152409659838,11.805631066086615,9,7,-10
2,rf,0.6507692307692308,0.15333777989824654,0.9364330217868577,9,7,-10
2,xgb,0.6953846153846154,0.15024863084577256,0.9556730198257871,9,7,-10
3,glmnet,0.6204481792717087,0.16560670590499152,0.552899442008035,9,7,-10
3,rf,0.6120448179271708,0.16605415445070126,0.4131139693880058,9,7,-10
3,xgb,0.5798319327731092,0.16892900437800762,0.32464554327145784,9,7,-10
4,glmnet,0.557422969187675,0.185110189476685,0.23905689341462164,9,7,-10
4,rf,0.4943977591036414,0.18240496056819647,0.015771965906624916,9,7,-10
4,xgb,0.5364145658263305,0.17844248797127074,0.2139011872126674,9,7,-10
5,glmnet,0.5492307692307693,0.1640301737791397,0.5459048395713516,9,7,-10
5,rf,0.5938461538461539,0.16225200987545388,0.5948740747418926,9,7,-10
5,xgb,0.5476923076923077,0.17481481324573797,0.2338527586798426,9,7,-10
1,glmnet,0.6080246913580246,0.23630287851145024,0.6286390231138579,10,7,0
1,rf,0.5874485596707819,0.24661136682093426,0.46727421517104156,10,7,0
1,xgb,0.5648148148148148,0.25979532673841504,0.3042106929286429,10,7,0
2,glmnet,0.5992063492063492,0.23499791326730093,0.8550645415982727,10,7,0
2,rf,0.6150793650793651,0.23397173953111425,0.8509545572238534,10,7,0
2,xgb,0.6051587301587301,0.24377616992328086,0.5625288057473363,10,7,0
3,glmnet,0.5729166666666666,0.24187068642908524,0.9019448333663687,10,7,0
3,rf,0.5992063492063492,0.23906884319826144,0.6435228785838356,10,7,0
3,xgb,0.6388888888888888,0.2321455567477492,0.6412907232836761,10,7,0
4,glmnet,0.5357142857142857,0.2608314981567559,0.19174175191040596,10,7,0
4,rf,0.5763888888888888,0.2556252100118528,0.3063766583531118,10,7,0
4,xgb,0.5565476190476191,0.26580419764079705,0.18809148869827305,10,7,0
5,glmnet,0.6994047619047619,0.21822713251738088,1.5177800979197826,10,7,0
5,rf,0.6378968253968254,0.23482701689240093,0.6637764824824097,10,7,0
5,xgb,0.6517857142857143,0.23205703647248904,0.6679117199803832,10,7,0
1,glmnet,0.75,0.18844233727344142,3.0975274627398695,10,7,-5
1,rf,0.6411483253588517,0.19652753265407877,1.0467937995572694,10,7,-5
1,xgb,0.7547846889952152,0.17545010055471677,1.418877144672219,10,7,-5
2,glmnet,0.5866666666666667,0.2164287460302502,0.336191804890924,10,7,-5
2,rf,0.4311111111111111,0.21307146878294142,0.5669736472044115,10,7,-5
2,xgb,0.6066666666666667,0.20885556794888602,0.495147359153855,10,7,-5
3,glmnet,0.6420454545454546,0.20655437798715431,0.7633113688153146,10,7,-5
3,rf,0.6420454545454546,0.20752917297908588,0.6181891194738713,10,7,-5
3,xgb,0.6659090909090909,0.20591497752688587,0.679119240455238,10,7,-5
4,glmnet,0.6568181818181819,0.2041215365762459,1.29097301636811,10,7,-5
4,rf,0.5829545454545455,0.21177245791687574,0.5553674625128276,10,7,-5
4,xgb,0.6443181818181818,0.2024814308502906,0.7062588283099204,10,7,-5
5,glmnet,0.6483253588516746,0.20692726520556376,0.5690469184042214,10,7,-5
5,rf,0.6543062200956937,0.1987039374360329,0.8035449936475404,10,7,-5
5,xgb,0.6626794258373205,0.20224433876165887,0.5952291142264513,10,7,-5
1,glmnet,0.4730913642052566,0.2082465818556551,0.14908032216661643,10,7,-7
1,rf,0.6182728410513141,0.19532851586391622,0.6533741417174037,10,7,-7
1,xgb,0.6082603254067585,0.19712087433800093,0.5010171329011728,10,7,-7
2,glmnet,0.7121401752190237,0.17819623542391427,1.986825186162585,10,7,-7
2,rf,0.7058823529411764,0.1788422639737354,1.2021246326590511,10,7,-7
2,xgb,0.6971214017521902,0.1793719546809212,1.0603784036866115,10,7,-7
3,glmnet,0.6317135549872123,0.19059596034227302,0.8224284695717459,10,7,-7
3,rf,0.5268542199488491,0.20778276634001142,0.22221016502207588,10,7,-7
3,xgb,0.5818414322250639,0.1945214941026821,0.4673295578481496,10,7,-7
4,glmnet,0.639386189258312,0.19300580990979482,0.7274577266472896,10,7,-7
4,rf,0.5677749360613811,0.2046104142234136,0.3596359059583568,10,7,-7
4,xgb,0.5652173913043478,0.20452422172286563,0.3965358238247955,10,7,-7
5,glmnet,0.6371158392434988,0.19159648620580316,0.6263896064019314,10,7,-7
5,rf,0.6347517730496454,0.19306761152303892,0.8121647376454837,10,7,-7
5,xgb,0.6300236406619385,0.19918431775467862,0.5079467358577647,10,7,-7
1,glmnet,0.6214285714285714,0.20196620237324836,-0.37913655867470947,10,7,-10
1,rf,0.5171428571428571,0.17910184269488116,0.10665232384951745,10,7,-10
1,xgb,0.5585714285714286,0.18781964962492192,-0.25524320501618236,10,7,-10
2,glmnet,0.5,0.17089917339484814,NA,10,7,-10
2,rf,0.5528571428571428,0.17830783066321546,0.1792041159987001,10,7,-10
2,xgb,0.6385714285714286,0.16501782597409775,0.5991499322831441,10,7,-10
3,glmnet,0.6242857142857143,0.1624220361498024,1.2286633923080337,10,7,-10
3,rf,0.66,0.16500716796276646,0.9232957524582733,10,7,-10
3,xgb,0.6628571428571429,0.16225916581765223,0.817612683588591,10,7,-10
4,glmnet,0.68,0.15903773859985992,2.061429316245695,10,7,-10
4,rf,0.5585714285714286,0.1781014347068609,0.2755205881640763,10,7,-10
4,xgb,0.5414285714285715,0.18020311495678581,0.23064886732082757,10,7,-10
5,glmnet,0.5772594752186588,0.1713830877078666,0.7917639067478638,10,7,-10
5,rf,0.5058309037900874,0.1901571692930752,-0.10175905015194704,10,7,-10
5,xgb,0.5626822157434402,0.1757772393896735,0.4267449059046795,10,7,-10
1,glmnet,0.7028347996089932,0.2205557402523397,1.3240520407086436,11,7,0
1,rf,0.7390029325513197,0.21428141513135154,1.962344148607302,11,7,0
1,xgb,0.7712609970674487,0.20071936551321792,1.7913112983725263,11,7,0
2,glmnet,0.5884652981427175,0.2468298006050609,0.5728796301779894,11,7,0
2,rf,0.6158357771260997,0.23663450292002886,0.8491868324868437,11,7,0
2,xgb,0.6959921798631475,0.22523896326460743,0.8906142642922104,11,7,0
3,glmnet,0.655241935483871,0.24632774836239774,7.855013149205918,11,7,0
3,rf,0.5100806451612903,0.27589164246030234,-0.020121947351751858,11,7,0
3,xgb,0.5625,0.2708379791499562,0.20896498988824214,11,7,0
4,glmnet,0.6401209677419355,0.23808505440463779,0.7173334961019475,11,7,0
4,rf,0.6330645161290323,0.23633932836331273,0.8267093957401368,11,7,0
4,xgb,0.6643145161290323,0.2343896803532934,0.7085257424368904,11,7,0
5,glmnet,0.5274621212121212,0.27109469640480804,0.007965242710886968,11,7,0
5,rf,0.5435606060606061,0.29379160310725394,-0.19723674580982992,11,7,0
5,xgb,0.540719696969697,0.308922333059042,-0.1596308693563662,11,7,0
1,glmnet,0.586734693877551,0.21855687356966166,1.475536883516826,11,7,-5
1,rf,0.6281179138321995,0.21244366058292047,0.8741411698585295,11,7,-5
1,xgb,0.6689342403628118,0.21043718142007906,0.739616396892908,11,7,-5
2,glmnet,0.5795454545454546,0.22059731900601728,1.778909088968687,11,7,-5
2,rf,0.6114718614718615,0.21909257482791278,0.6660545226623488,11,7,-5
2,xgb,0.5909090909090909,0.2242828013624908,0.5011025379320957,11,7,-5
3,glmnet,0.6428571428571429,0.21955685050879795,0.6016906864680659,11,7,-5
3,rf,0.6677489177489178,0.20507084337565734,1.177519211087142,11,7,-5
3,xgb,0.6287878787878788,0.21935625879619502,0.6487255152699296,11,7,-5
4,glmnet,0.6071428571428571,0.2243635373423253,0.5385628838378027,11,7,-5
4,rf,0.5476190476190477,0.23556686963344062,0.24962452283231876,11,7,-5
4,xgb,0.5443722943722944,0.24821137032375795,0.1977914456194061,11,7,-5
5,glmnet,0.4274891774891775,0.22101479829747733,0.6958959998999493,11,7,-5
5,rf,0.6006493506493507,0.2218824419036268,0.6068510806754335,11,7,-5
5,xgb,0.5876623376623377,0.22769962119705411,0.4427811074017906,11,7,-5
1,glmnet,0.5741626794258373,0.20853326468565336,0.9260191137925384,11,7,-7
1,rf,0.5442583732057417,0.21915472138330838,0.32816401496034303,11,7,-7
1,xgb,0.5598086124401914,0.2313321618441682,0.22125697770394792,11,7,-7
2,glmnet,0.4608187134502924,0.21445641828127038,0.2812853501214952,11,7,-7
2,rf,0.5941520467836257,0.21001185826189273,0.5794490560547139,11,7,-7
2,xgb,0.6163742690058479,0.21154847815362804,0.4662770352615007,11,7,-7
3,glmnet,0.5111111111111111,0.21635546056585397,0.06852959139168066,11,7,-7
3,rf,0.4988888888888889,0.22819524596358612,-0.07289006334314772,11,7,-7
3,xgb,0.5122222222222222,0.23078415081966952,0.06429076243952117,11,7,-7
4,glmnet,0.6549707602339181,0.19536294311433133,1.2349855326901398,11,7,-7
4,rf,0.6093567251461988,0.19613699377535296,0.8707174747366037,11,7,-7
4,xgb,0.6093567251461989,0.2012511944922433,0.52604816496253,11,7,-7
5,glmnet,0.7075358851674641,0.20512580422934054,11.862932030712368,11,7,-7
5,rf,0.6279904306220095,0.2038894460678523,0.758363689459905,11,7,-7
5,xgb,0.6495215311004784,0.20206804027959008,0.7349868189102852,11,7,-7
1,glmnet,0.68359375,0.18737393241840108,169.53817575768906,11,7,-10
1,rf,0.5364583333333334,0.19346085406864397,0.12630572566829457,11,7,-10
1,xgb,0.578125,0.19782483148336463,0.23017267535233998,11,7,-10
2,glmnet,0.4759114583333333,0.18993527408809693,-0.4574623011893797,11,7,-10
2,rf,0.5143229166666667,0.2028180050148086,-0.04598843578195832,11,7,-10
2,xgb,0.5130208333333334,0.20430948182051356,0.06081680314680623,11,7,-10
3,glmnet,0.5746173469387755,0.18293377299441901,1.304631564249006,11,7,-10
3,rf,0.5357142857142857,0.20006104390502857,-0.06373154408128533,11,7,-10
3,xgb,0.5063775510204082,0.20926478566179438,-0.09554558696737574,11,7,-10
4,glmnet,0.54375,0.18332037143216465,-0.7545750683252337,11,7,-10
4,rf,0.576388888888889,0.18537022670816475,0.299165230172475,11,7,-10
4,xgb,0.5361111111111111,0.19170992634764955,0.17282883423404843,11,7,-10
5,glmnet,0.5611111111111111,0.1845487535301751,0.34963268348206933,11,7,-10
5,rf,0.5152777777777777,0.19448787870728573,0.15577841557131633,11,7,-10
5,xgb,0.5930555555555556,0.19535180681393594,0.3838830201068504,11,7,-10
1,glmnet,0.678974358974359,0.21620973395205315,0.8848058334023566,12,7,0
1,rf,0.6994871794871795,0.2076127347264297,0.9880871613160235,12,7,0
1,xgb,0.7015384615384616,0.21210592560129807,0.7312125859080268,12,7,0
2,glmnet,0.637948717948718,0.23093556785387115,0.5804092500419672,12,7,0
2,rf,0.5230769230769231,0.2574273536416281,0.05922791798640177,12,7,0
2,xgb,0.5723076923076923,0.25117268504876505,0.24044626891010704,12,7,0
3,glmnet,0.6709401709401709,0.2222496487102185,0.6332547263425495,12,7,0
3,rf,0.7211538461538461,0.20795394839204576,1.1383961544301868,12,7,0
3,xgb,0.7158119658119658,0.2092608446485504,0.8127667913011162,12,7,0
4,glmnet,0.7061538461538461,0.21709675121843275,3.25595611096288,12,7,0
4,rf,0.7682051282051282,0.1922650750842135,1.3679162774490434,12,7,0
4,xgb,0.7220512820512821,0.19999317347534507,1.016448859808038,12,7,0
5,glmnet,0.7046153846153846,0.20618561347578163,1.115714845626428,12,7,0
5,rf,0.6153846153846154,0.24138049739583792,0.40208312397188023,12,7,0
5,xgb,0.6164102564102564,0.24486928575021266,0.38691173409382024,12,7,0
1,glmnet,0.6345766129032258,0.23310096628907107,1.3615751337355686,12,7,-5
1,rf,0.6139112903225806,0.25107233248667166,0.3942028526741606,12,7,-5
1,xgb,0.6421370967741935,0.24352936460473418,0.49406967341296887,12,7,-5
2,glmnet,0.84375,0.21971458350519474,8.96631820296414,12,7,-5
2,rf,0.7470703125,0.2125249921967379,1.2443460797819905,12,7,-5
2,xgb,0.7568359375,0.20718630691403606,1.1532533760636443,12,7,-5
3,glmnet,0.6950757575757576,0.2192740224969019,0.8848531763983513,12,7,-5
3,rf,0.6931818181818182,0.2285054777645561,0.7086779099139882,12,7,-5
3,xgb,0.6619318181818182,0.23154431201690992,0.6676285163454946,12,7,-5
4,glmnet,0.6754032258064516,0.22470389507373192,0.8547303798561898,12,7,-5
4,rf,0.627016129032258,0.24695186917723733,0.5531645214656437,12,7,-5
4,xgb,0.6542338709677419,0.24299378258219947,0.6042388894381827,12,7,-5
5,glmnet,0.6490713587487781,0.24420244761790677,0.5317571338631643,12,7,-5
5,rf,0.6363636363636364,0.23777645402380387,0.584197271806111,12,7,-5
5,xgb,0.6226783968719453,0.24880145515363403,0.4508251547265399,12,7,-5
1,glmnet,0.739408866995074,0.2104964805360571,2.60957102542855,12,7,-7
1,rf,0.723152709359606,0.20659425372270296,1.1771249888267736,12,7,-7
1,xgb,0.7576354679802956,0.19547180201574274,1.1328617495114108,12,7,-7
2,glmnet,0.6995073891625615,0.2166765425203832,2.0713296479107672,12,7,-7
2,rf,0.7142857142857143,0.2143535196721406,0.9222647385896573,12,7,-7
2,xgb,0.6995073891625616,0.223039645505043,0.7203265682389212,12,7,-7
3,glmnet,0.6960591133004926,0.21288998117885302,1.0706662217199145,12,7,-7
3,rf,0.6689655172413793,0.23033285343989107,0.7349587759771825,12,7,-7
3,xgb,0.7064039408866996,0.22221757220178723,0.7374530593981972,12,7,-7
4,glmnet,0.7195740365111561,0.20090202227653137,1.1713180950587094,12,7,-7
4,rf,0.7251521298174443,0.21165947128383433,1.0507043161355898,12,7,-7
4,xgb,0.6845841784989858,0.22512261486715623,0.7105853403753056,12,7,-7
5,glmnet,0.6975369458128079,0.21732326689633175,0.8413690525081826,12,7,-7
5,rf,0.6827586206896552,0.22129249055958658,0.8546737363204817,12,7,-7
5,xgb,0.6502463054187192,0.23653119696447725,0.5718052168792864,12,7,-7
1,glmnet,0.7437437437437437,0.23244879530901189,10.127003153848467,12,7,-10
1,rf,0.7247247247247247,0.20438857798087426,0.6682086517276401,12,7,-10
1,xgb,0.6866866866866868,0.21280114631407795,0.5881993089435567,12,7,-10
2,glmnet,0.6616616616616616,0.2235904300791683,0.7066784157483846,12,7,-10
2,rf,0.6826826826826827,0.22524815051159253,0.6897200982390802,12,7,-10
2,xgb,0.6656656656656657,0.24103958569631934,0.5093294268135696,12,7,-10
3,glmnet,0.7132132132132132,0.23159811694227142,7.045607922097043,12,7,-10
3,rf,0.7897897897897898,0.18555022727093806,1.322345894938618,12,7,-10
3,xgb,0.7567567567567567,0.19432304474660025,0.9225124915342591,12,7,-10
4,glmnet,0.757085020242915,0.18674954172111516,0.8068160708339752,12,7,-10
4,rf,0.7560728744939271,0.1912486187123657,1.0676962793530496,12,7,-10
4,xgb,0.7631578947368421,0.18779973568898387,0.9232979496732985,12,7,-10
5,glmnet,0.8362785862785863,0.15263405152838325,1.761729766252239,12,7,-10
5,rf,0.8097713097713098,0.17843002888974138,1.251317237825011,12,7,-10
5,xgb,0.7817047817047817,0.18555619521721736,0.9052587629520403,12,7,-10
1,glmnet,0.6265884652981427,0.24289243038955857,0.5032511959297749,13,7,0
1,rf,0.5953079178885631,0.24330428202732013,0.6543381744900536,13,7,0
1,xgb,0.592375366568915,0.2474854273659956,0.5327300141623057,13,7,0
2,glmnet,0.6705767350928641,0.2277995806584322,0.9688224939725489,13,7,0
2,rf,0.5786901270772239,0.25137693767461106,0.42705023872746006,13,7,0
2,xgb,0.6480938416422287,0.2409899212980191,0.6678678050055988,13,7,0
3,glmnet,0.6372549019607843,0.2387298704507529,0.5752187597068491,13,7,0
3,rf,0.49901960784313726,0.26902514775888914,0.1436950156467264,13,7,0
3,xgb,0.5813725490196079,0.25551439132402304,0.37743413418660565,13,7,0
4,glmnet,0.6784313725490196,0.23050951585469115,0.7128212012511334,13,7,0
4,rf,0.6656862745098039,0.22735924877431368,1.0283342429801632,13,7,0
4,xgb,0.7186274509803922,0.2171309616224864,0.9378636942502412,13,7,0
5,glmnet,0.6585858585858586,0.22812408578587437,1.0320135717518015,13,7,0
5,rf,0.6545454545454545,0.23190761535737647,0.8264193192670316,13,7,0
5,xgb,0.6727272727272727,0.22923549580503014,0.7607343569234731,13,7,0
1,glmnet,0.6079059829059829,0.23060214286065703,0.9141777207373084,13,7,-5
1,rf,0.5085470085470085,0.257322484816714,0.027547174479413166,13,7,-5
1,xgb,0.5202991452991453,0.25912763252374754,0.08768987120375943,13,7,-5
2,glmnet,0.5395833333333333,0.234461959000929,0.5162653347359372,13,7,-5
2,rf,0.5958333333333333,0.23513020525914435,0.4906398432981496,13,7,-5
2,xgb,0.5979166666666667,0.24014852853444632,0.35999619879537464,13,7,-5
3,glmnet,0.740625,0.20762230337234594,2.0220511332702986,13,7,-5
3,rf,0.6854166666666667,0.21255479323535606,1.37526059851038,13,7,-5
3,xgb,0.690625,0.21266722428334392,1.0496023436978958,13,7,-5
4,glmnet,0.509375,0.24015460604952646,0.17613398581959416,13,7,-5
4,rf,0.60625,0.2229888284092783,0.8913488071083079,13,7,-5
4,xgb,0.6197916666666666,0.2219893548181316,0.8468794987284912,13,7,-5
5,glmnet,0.6322916666666667,0.22627650416255216,0.744169402855046,13,7,-5
5,rf,0.5270833333333333,0.24525847520866106,0.2107540901502997,13,7,-5
5,xgb,0.559375,0.24768416929850218,0.22712524159494268,13,7,-5
1,glmnet,0.672203765227021,0.20459719468902862,1.0099138160712051,13,7,-7
1,rf,0.5559246954595792,0.23007153568045563,0.24292493990853312,13,7,-7
1,xgb,0.5891472868217054,0.22355138472307712,0.44401523183665975,13,7,-7
2,glmnet,0.7108843537414966,0.19470915431316566,1.1568265333159,13,7,-7
2,rf,0.6167800453514739,0.2187064441500817,0.5655485812317489,13,7,-7
2,xgb,0.6077097505668934,0.22628813053474664,0.4414718424785337,13,7,-7
3,glmnet,0.6323366555924695,0.2148842249181596,0.6509539519908599,13,7,-7
3,rf,0.6168327796234773,0.2188383568845052,0.6463221734279826,13,7,-7
3,xgb,0.6323366555924695,0.2213330265287096,0.5327866103635246,13,7,-7
4,glmnet,0.6611295681063123,0.20546240839712815,1.4739488978526316,13,7,-7
4,rf,0.636766334440753,0.21050721301440678,0.8044882223004335,13,7,-7
4,xgb,0.6035437430786268,0.2216581114547701,0.4772605842610754,13,7,-7
5,glmnet,0.5075757575757576,0.24160047724750333,0.01665552656723415,13,7,-7
5,rf,0.5735930735930737,0.23841242845310942,0.22828097773293055,13,7,-7
5,xgb,0.5681818181818182,0.24701173349115768,0.2144299441959069,13,7,-7
1,glmnet,0.6282552083333334,0.18229282160395638,1.4310470402253181,13,7,-10
1,rf,0.640625,0.17978866719512027,0.8146112946023462,13,7,-10
1,xgb,0.67578125,0.17212821738095077,0.9060753867241039,13,7,-10
2,glmnet,0.6808510638297872,0.18473953168549437,2.057940480573476,13,7,-10
2,rf,0.6157697121401752,0.19371787952533637,0.5845171366805365,13,7,-10
2,xgb,0.6408010012515645,0.18171930278237727,0.7531751978580149,13,7,-10
3,glmnet,0.6974734042553191,0.17747119282405793,2.6649522173378575,13,7,-10
3,rf,0.711436170212766,0.17163564062800057,1.1595841283280917,13,7,-10
3,xgb,0.675531914893617,0.1827219946045325,0.6560413780768738,13,7,-10
4,glmnet,0.5669586983729662,0.19361341965520396,2.8244076322301277,13,7,-10
4,rf,0.5807259073842302,0.19681386282421087,0.45451980436245754,13,7,-10
4,xgb,0.5894868585732165,0.2025539057056005,0.23717960143171787,13,7,-10
5,glmnet,0.6408010012515645,0.1867557704781449,0.9006004256317699,13,7,-10
5,rf,0.5494367959949937,0.2025308234776633,0.259156867998888,13,7,-10
5,xgb,0.5819774718397998,0.20376729478442046,0.3163138171746992,13,7,-10
1,glmnet,0.7333333333333334,0.1962047609062517,1.6201482629137516,14,7,0
1,rf,0.6902564102564103,0.21643073206451274,0.855602609353921,14,7,0
1,xgb,0.7076923076923077,0.20982500565405662,0.944576688971846,14,7,0
2,glmnet,0.7425641025641025,0.20136284533477378,1.7000696759023697,14,7,0
2,rf,0.6369230769230769,0.23745528472135788,0.5101467504308083,14,7,0
2,xgb,0.6523076923076924,0.24077931468601957,0.45878290940150634,14,7,0
3,glmnet,0.6689473684210527,0.2185903305467967,1.885134567811631,14,7,0
3,rf,0.6610526315789473,0.21947767194364992,0.7149599433898408,14,7,0
3,xgb,0.7526315789473684,0.19328614708830028,0.9588416649580727,14,7,0
4,glmnet,0.74,0.19750384885867295,1.9659523393507516,14,7,0
4,rf,0.7107692307692308,0.2085707404206219,1.0150155027503576,14,7,0
4,xgb,0.6994871794871795,0.21088450446396081,0.704553842117491,14,7,0
5,glmnet,0.6022267206477733,0.23135750856858828,1.007885352109401,14,7,0
5,rf,0.4554655870445344,0.26237883195212935,0.19457877873536172,14,7,0
5,xgb,0.6163967611336032,0.2452717273719485,0.4561763441558513,14,7,0
1,glmnet,0.639616935483871,0.22946888418140343,0.9268863541764639,14,7,-5
1,rf,0.5604838709677419,0.2632824448378462,0.28372434916127315,14,7,-5
1,xgb,0.5584677419354839,0.2705152095720154,0.20301743178153772,14,7,-5
2,glmnet,0.640625,0.23238765390275426,1.5323362371697768,14,7,-5
2,rf,0.658203125,0.23774970718385557,0.6121999446939623,14,7,-5
2,xgb,0.65625,0.23954850694239666,0.5479119597667377,14,7,-5
3,glmnet,0.7841796875,0.191275794006166,1.4070204213532274,14,7,-5
3,rf,0.7412109375,0.2125962916525241,1.4427550630106405,14,7,-5
3,xgb,0.712890625,0.21762584726691828,0.9146822214055452,14,7,-5
4,glmnet,0.66748046875,0.230187297820031,0.7244013678998718,14,7,-5
4,rf,0.60546875,0.2506315729923698,0.45856036564709013,14,7,-5
4,xgb,0.62109375,0.26238069896116634,0.3243480489747275,14,7,-5
5,glmnet,0.7490234375,0.20484293678414964,1.408429738594846,14,7,-5
5,rf,0.6796875,0.22589180654458377,0.8721481596682509,14,7,-5
5,xgb,0.6875,0.22273810307408165,0.8168120497459551,14,7,-5
1,glmnet,0.8098377281947261,0.18859167419643164,1.636915015140569,14,7,-7
1,rf,0.7139959432048681,0.21494620432047876,1.0549577391649456,14,7,-7
1,xgb,0.7434077079107505,0.20381220079285853,1.015107193278585,14,7,-7
2,glmnet,0.7387254901960785,0.20398532648238096,1.5830382886395118,14,7,-7
2,rf,0.6745098039215687,0.23003921231532812,0.667391431346511,14,7,-7
2,xgb,0.6725490196078432,0.2398725390124213,0.5350087536769017,14,7,-7
3,glmnet,0.6628571428571429,0.21913304974165776,1.0240351830574448,14,7,-7
3,rf,0.6390476190476191,0.24296890288650755,0.49668201593786787,14,7,-7
3,xgb,0.6285714285714286,0.258675781974506,0.3928010349964704,14,7,-7
4,glmnet,0.7287018255578094,0.20803839220716597,1.3498786935386258,14,7,-7
4,rf,0.6937119675456389,0.22291178699760525,0.7968141715038943,14,7,-7
4,xgb,0.6683569979716024,0.24269183937367506,0.4900713168430954,14,7,-7
5,glmnet,0.7019607843137254,0.22262112420793564,0.7808783939373987,14,7,-7
5,rf,0.6745098039215686,0.2284607306007369,0.7376561617819066,14,7,-7
5,xgb,0.6754901960784314,0.2329210938843574,0.6333029414826823,14,7,-7
1,glmnet,0.7695473251028806,0.18926176960912325,0.9454661898747845,14,7,-10
1,rf,0.7530864197530864,0.2002953802570601,0.9309477066927994,14,7,-10
1,xgb,0.742798353909465,0.2015105954028461,0.8002560826253262,14,7,-10
2,glmnet,0.772633744855967,0.18767300699623765,1.002644674769765,14,7,-10
2,rf,0.7973251028806584,0.1851945387012281,1.340696595477173,14,7,-10
2,xgb,0.7757201646090535,0.1888464993841532,0.97141077703049306,14,7,-10
3,glmnet,0.7948841698841699,0.17965588883758546,1.8171826636940414,14,7,-10
3,rf,0.7075289575289575,0.21727303672957318,0.7873976782171673,14,7,-10
3,xgb,0.7268339768339769,0.20623384918460305,0.787318541416099,14,7,-10
4,glmnet,0.6611611611611612,0.2314954343122986,0.5674875578116184,14,7,-10
4,rf,0.6416416416416416,0.23977348175969124,0.44813774392007066,14,7,-10
4,xgb,0.6436436436436436,0.24820537483843894,0.37652747839509126,14,7,-10
5,glmnet,0.7936507936507936,0.17856960386540105,1.1146216780707228,14,7,-10
5,rf,0.7916666666666666,0.18488622093681853,1.1718720568190004,14,7,-10
5,xgb,0.8244047619047619,0.1751522208106673,1.0502148810968432,14,7,-10
1,glmnet,0.6275659824046921,0.25707365521743536,0.35685251792679695,15,7,0
1,rf,0.5767350928641252,0.2614908252684357,0.28440255553258786,15,7,0
1,xgb,0.5992179863147605,0.2697970495970178,0.285971864956799,15,7,0
2,glmnet,0.6676767676767676,0.22622451371431018,1.7684411785170915,15,7,0
2,rf,0.6222222222222222,0.2417354621183672,0.6924735539693094,15,7,0
2,xgb,0.5898989898989899,0.2547697074508428,0.4069388005115814,15,7,0
3,glmnet,0.6764418377321603,0.22570519696593488,0.809666287641254,15,7,0
3,rf,0.6500488758553274,0.23985780237914847,0.5959257899500535,15,7,0
3,xgb,0.6823069403714564,0.23232004475889464,0.5949587122637925,15,7,0
4,glmnet,0.6930596285434996,0.22107391378966712,0.9112336877759784,15,7,0
4,rf,0.7350928641251222,0.21150506130479066,1.6318786244589891,15,7,0
4,xgb,0.7067448680351907,0.21569808229004314,1.057842654106559,15,7,0
5,glmnet,0.6979472140762464,0.2209223177043068,1.6963705172148709,15,7,0
5,rf,0.5327468230694037,0.26214430522461946,0.1450503246608102,15,7,0
5,xgb,0.46920821114369504,0.26721487982581676,0.1483129364314943,15,7,0
1,glmnet,0.675,0.2212086252307573,0.5776811543400905,15,7,-5
1,rf,0.5521739130434783,0.2362835587680413,0.31203833267154507,15,7,-5
1,xgb,0.5956521739130435,0.2270995019395154,0.5422231924931616,15,7,-5
2,glmnet,0.64375,0.2168925273571361,0.9050708237520058,15,7,-5
2,rf,0.4947916666666667,0.25450462550632724,0.03489134782880303,15,7,-5
2,xgb,0.5260416666666666,0.2537664157749069,0.15479337055854472,15,7,-5
3,glmnet,0.65625,0.22371417178460498,0.7520004597634218,15,7,-5
3,rf,0.6,0.23133376300157307,0.5550033607422638,15,7,-5
3,xgb,0.578125,0.2387589281803007,0.39430534195273115,15,7,-5
4,glmnet,0.6572916666666667,0.21627200439745098,1.0225917180895163,15,7,-5
4,rf,0.596875,0.23137977430204368,0.5606387497611652,15,7,-5
4,xgb,0.6104166666666666,0.22534842274170738,0.7453911813788444,15,7,-5
5,glmnet,0.5,0.24511598027948694,0.012559860188860635,15,7,-5
5,rf,0.5552083333333333,0.23973772613931657,0.37655049421325104,15,7,-5
5,xgb,0.515625,0.25657762291146125,0.1135227035646218,15,7,-5
1,glmnet,0.6179653679653679,0.21985990237485867,0.5859039157215689,15,7,-7
1,rf,0.5454545454545454,0.2325381903752989,0.3026440417869532,15,7,-7
1,xgb,0.4512987012987013,0.23509147121187057,0.3380390732641492,15,7,-7
2,glmnet,0.6349206349206349,0.22054860675779026,0.6099789321282508,15,7,-7
2,rf,0.6541950113378685,0.21010349608898235,0.9328326193217322,15,7,-7
2,xgb,0.5702947845804989,0.23137109837994996,0.31586408867407484,15,7,-7
3,glmnet,0.6691331923890063,0.1986154400378795,0.7407741659558107,15,7,-7
3,rf,0.6469344608879493,0.21351391527669086,0.7257694005851482,15,7,-7
3,xgb,0.6183932346723044,0.20990125637258297,0.6627765558652691,15,7,-7
4,glmnet,0.5326688815060908,0.23225007650448265,0.20282355015786932,15,7,-7
4,rf,0.5692137320044297,0.2533510274053216,-0.34699653138601494,15,7,-7
4,xgb,0.5703211517165006,0.2663161926685693,-0.3125690808494052,15,7,-7
5,glmnet,0.6746031746031745,0.20325618610448046,0.872678890167208,15,7,-7
5,rf,0.5555555555555556,0.24832116720701164,-0.30381226347748314,15,7,-7
5,xgb,0.5442176870748299,0.2502919827984392,-0.10111201201810953,15,7,-7
1,glmnet,0.5902777777777778,0.17985951629411298,0.7337038349492926,15,7,-10
1,rf,0.5027777777777778,0.19992116143056962,-0.03626293923203124,15,7,-10
1,xgb,0.5847222222222223,0.19417778694640844,0.29347162964025275,15,7,-10
2,glmnet,0.6747448979591837,0.17478367322809027,1.8619874625450252,15,7,-10
2,rf,0.5573979591836735,0.19135861167964194,0.19324353235880215,15,7,-10
2,xgb,0.5778061224489796,0.18929845570245726,0.4115356056170793,15,7,-10
3,glmnet,0.6744791666666666,0.1735734065929492,0.6833962744870727,15,7,-10
3,rf,0.62109375,0.18599278636656025,0.6049034496703678,15,7,-10
3,xgb,0.6028645833333334,0.18971560574505783,0.45873381952673237,15,7,-10
4,glmnet,0.6166666666666667,0.17148318163953058,0.6445432535692809,15,7,-10
4,rf,0.7069444444444445,0.16552350681047392,1.2055579761520847,15,7,-10
4,xgb,0.725,0.1624124018821663,1.0325251030613587,15,7,-10
5,glmnet,0.6770833333333334,0.17661823959412792,1.4920582836092298,15,7,-10
5,rf,0.54296875,0.21067876871582875,-0.23330018724813215,15,7,-10
5,xgb,0.5598958333333334,0.19989046649523876,0.22368865573881527,15,7,-10
